fuzzyInput,left,centre, right,fuzzyOutput,fuzzyInterval
-0.29,400,75.98,11.27,-0.43,0.162212849
-0.43,400,75.98,11.27,-0.4,0.158637762
-0.29,400,75.98,11.27,-0.43,0.159416437
-0.43,400,75.98,11.27,-0.4,0.016243935
-0.29,400,61.76,11.27,-0.43,0.154709339
-0.29,331.14,61.76,11.07,-0.43,0.14778924
-0.29,331.14,61.76,11.07,-0.43,0.16898942
-0.29,331.14,61.76,11.07,-0.43,0.035478592
-0.29,331.14,61.76,11.07,-0.43,0.013230085
-0.29,331.14,61.76,11.07,-0.43,0.013523817
-0.29,331.14,113.33,11.1,-0.4,0.14675045
-0.29,197.57,113.33,11.1,-0.4,0.167841196
-0.29,197.57,113.33,11.1,-0.4,0.013249397
-0.29,197.57,113.33,11.1,-0.4,0.013505459
-0.29,197.57,113.33,11.1,-0.4,0.013311625
-0.29,197.57,113.33,11.1,-0.4,0.013613701
-0.29,197.57,113.33,11.1,-0.4,0.013533831
-0.29,197.57,190.44,11.25,-0.37,0.154343843
-0.14,135.03,190.44,11.25,-0.37,0.162818193
-0.14,135.03,190.44,11.25,-0.37,0.015423298
-0.29,135.03,190.44,11.25,-0.38,0.165193558
-0.29,135.03,190.44,11.25,-0.38,0.013240099
-0.29,135.03,126.6,11,-0.4,0.174050093
-0.29,134.81,126.6,11,-0.4,0.192147017
-0.14,134.81,126.6,11,-0.4,0.157539845
-0.29,134.81,56.02,11,-0.4,0.177551985
-0.29,134.81,56.02,10.83,-0.43,0.161877871
-0.29,266.22,56.02,10.83,-0.43,0.175531864
-0.29,266.22,56.02,10.83,-0.43,0.013482809
-0.29,266.22,56.02,10.83,-0.43,0.013636351
-0.29,266.22,56.02,10.83,-0.43,0.020100832
-0.29,266.22,56.02,10.83,-0.43,0.013554096
-0.29,266.22,120.68,10.83,-0.4,0.153003693
-0.29,400,120.68,10.84,-0.4,0.168333769
-0.29,400,120.68,10.84,-0.4,0.152797222
-0.29,400,120.68,10.84,-0.4,0.015917778
-0.29,400,120.68,10.84,-0.4,0.01333046
-0.29,400,117.65,10.84,-0.4,0.179596663
-0.14,400,117.65,10.58,-0.4,0.186127424
-0.29,400,117.65,10.58,-0.4,0.159084558
-0.29,400,117.65,10.58,-0.4,0.015639305
-0.29,400,117.65,10.58,-0.4,0.013884068
-0.29,400,46.06,10.58,-0.4,0.015229464
-0.29,400,46.06,10.77,-0.43,0.180605888
-0.29,266.68,46.06,10.77,-0.43,0.164480686
-0.29,266.68,46.06,10.77,-0.43,0.013281345
-0.29,266.68,46.06,10.77,-0.43,0.013600349
-0.29,266.68,46.06,10.77,-0.43,0.014306068
-0.29,266.68,46.06,10.77,-0.43,0.013502121
-0.29,266.68,35.51,10.77,-0.43,0.151810884
-0.29,266.68,35.51,10.77,-0.43,0.013555527
-0.29,133.6,35.51,10.77,-0.43,0.150022984
-0.29,133.6,35.51,10.77,-0.43,0.013537884
-0.29,133.6,35.51,10.77,-0.43,0.014705658
-0.29,133.6,35.51,10.77,-0.43,0.013302088
-0.29,133.6,35.51,10.77,-0.43,0.013607025
-0.29,133.6,40.77,10.77,-0.43,0.160158157
-0.29,102.8,40.77,10.58,-0.43,0.18888545
-0.29,102.8,40.77,10.58,-0.43,0.165190935
-0.29,102.8,40.77,10.58,-0.43,0.016701698
-0.29,102.8,40.77,10.58,-0.43,0.013324261
-0.29,102.8,50.74,10.58,-0.43,0.149005651
-0.29,119.89,50.74,10.64,-0.43,0.172310352
-0.29,119.89,50.74,10.64,-0.43,0.158896208
-0.29,119.89,50.74,10.64,-0.43,0.013427734
-0.29,119.89,50.74,10.64,-0.43,0.013356924
-0.29,119.89,50.74,10.64,-0.43,0.014623165
-0.29,119.89,50.98,10.63,-0.43,0.181666613
-0.29,231.72,50.98,10.63,-0.43,0.176137447
-0.29,231.72,50.98,10.63,-0.43,0.145807505
-0.29,231.72,50.98,10.63,-0.43,0.024677753
-0.29,231.72,50.98,10.63,-0.43,0.013238668
-0.29,231.72,59.51,10.82,-0.43,0.157855988
-0.29,347.71,59.51,10.82,-0.43,0.180211544
-0.29,347.71,59.51,10.82,-0.43,0.159012794
-0.29,347.71,59.51,10.82,-0.43,0.013630152
-0.29,347.71,59.51,10.82,-0.43,0.013611078
-0.29,347.71,59.5,11.06,-0.43,0.186409712
-0.29,240.89,59.5,11.06,-0.43,0.195667744
-0.29,240.89,59.5,11.06,-0.43,0.161797523
-0.29,240.89,59.5,11.06,-0.43,0.020759106
-0.29,240.89,59.5,11.06,-0.43,0.013543844
-0.29,240.89,50.44,11.06,-0.43,0.159275293
0,128.12,50.44,10.92,-0.8,0.182935476
-0.29,128.12,50.44,10.92,-0.43,0.195700645
-0.29,128.12,50.44,10.92,-0.43,0.016801834
-0.29,128.12,50.44,10.92,-0.43,0.015868187
-0.29,128.12,82.14,10.93,-0.43,0.167996883
-0.29,153.91,82.14,10.93,-0.43,0.189716578
-0.29,153.91,82.14,10.93,-0.43,0.158017397
-0.29,153.91,82.14,10.93,-0.43,0.01850915
-0.29,153.91,82.14,10.93,-0.43,0.014235497
-0.29,153.91,81.09,10.93,-0.43,0.155472994
-0.29,153.91,81.09,11.1,-0.43,0.162417412
-0.29,133.8,81.09,11.1,-0.43,0.15852356
-0.29,133.8,81.09,11.1,-0.43,0.019840717
-0.29,133.8,81.09,11.1,-0.43,0.015789986
-0.29,133.8,81.09,11.1,-0.43,0.015777111
-0.29,133.8,44.22,11.1,-0.43,0.169079781
-0.29,134.27,44.22,11.05,-0.43,0.190786123
-0.29,134.27,44.22,11.05,-0.43,0.149036646
-0.29,134.27,44.22,11.05,-0.43,0.013466358
-0.29,134.27,44.22,11.05,-0.43,0.015129089
-0.29,134.27,44.22,11.05,-0.43,0.013509035
-0.29,134.27,74.35,11.07,-0.43,0.163318872
-0.14,133.41,74.35,11.07,-0.69,0.171720743
-0.14,133.41,74.35,11.07,-0.69,0.1622715
-0.14,133.41,74.35,11.07,-0.69,0.017848253
-0.14,133.41,95.74,11.07,-0.55,0.167126894
0,133.41,95.74,10.94,-0.55,0.167654991
-0.29,97.29,95.74,10.94,-0.43,0.154956579
-0.14,97.29,95.74,10.94,-0.42,0.175896406
-0.14,97.29,79.48,10.94,-0.42,0.014894247
-0.14,97.29,79.48,10.7,-0.52,0.174924612
-0.14,231.03,79.48,10.7,-0.52,0.189095974
-0.14,231.03,79.48,10.7,-0.69,0.158135653
-0.29,231.03,79.34,10.7,-0.43,0.158401966
-0.14,231.03,79.34,10.83,-0.69,0.148423195
-0.14,239.75,79.34,10.83,-0.69,0.204957247
-0.14,239.75,79.34,10.83,-0.69,0.158449173
-0.14,239.75,79.34,10.83,-0.69,0.013344526
-0.29,239.75,64.3,10.83,-0.43,0.149794579
-0.29,239.75,64.3,10.83,-0.43,0.162597418
-0.14,134.46,64.3,10.83,-0.69,0.157906055
-0.14,134.46,64.3,10.83,-0.69,0.165482283
-0.14,134.46,64.3,10.83,-0.69,0.013319492
-0.14,134.46,58.82,10.83,-0.69,0.166707039
-0.14,134.46,58.82,10.69,-0.69,0.158564806
-0.14,162.08,58.82,10.69,-0.69,0.160294771
-0.14,162.08,58.82,10.69,-0.69,0.01664257
-0.14,162.08,58.82,10.69,-0.69,0.013698578
-0.14,162.08,58.82,10.69,-0.69,0.016970634
-0.29,162.08,78.53,10.66,-0.43,0.182795525
-0.29,267.38,78.53,10.66,-0.43,0.188564301
-0.29,267.38,78.53,10.66,-0.43,0.165737867
-0.29,267.38,78.53,10.66,-0.43,0.032713413
-0.14,267.38,133.98,10.66,-0.4,0.177439213
-0.29,267.38,133.98,10.78,-0.4,0.173048973
-0.29,339.49,133.98,10.78,-0.4,0.218674183
-0.29,339.49,133.98,10.78,-0.4,0.013640165
-0.29,339.49,133.98,10.78,-0.4,0.013868332
-0.29,339.49,217.03,10.83,-0.36,0.161957502
-0.14,339.49,217.03,10.83,-0.1,0.160106182
-0.14,206.88,217.03,10.83,-0.1,0.179684162
-0.14,206.88,217.03,10.83,-0.1,0.013767958
-0.14,206.88,217.03,10.83,-0.1,0.016210318
-0.29,206.88,253.19,10.7,-0.36,0.184258461
-0.29,206.88,253.19,10.7,-0.36,0.183229446
-0.14,267.39,253.19,10.7,-0.1,0.168268919
-0.14,267.39,253.19,10.7,-0.1,0.015325308
-0.29,267.39,162.86,10.7,-0.36,0.185031652
-0.29,267.39,162.86,10.68,-0.4,0.162763119
-0.29,267.39,162.86,10.68,-0.4,0.013318539
-0.14,302.86,162.86,10.68,-0.4,0.160121679
-0.29,302.86,58.85,10.68,-0.4,0.179936409
-0.29,302.86,58.85,10.54,-0.43,0.163889647
-0.29,142.52,58.85,10.54,-0.43,0.16140914
-0.29,142.52,58.85,10.54,-0.43,0.161846638
-0.14,142.52,152.19,10.54,-0.69,0.158615828
-0.14,142.52,152.19,10.52,-0.4,0.157078743
-0.14,79.2,152.19,10.52,-0.4,0.160163403
-0.14,79.2,152.19,10.52,0,0.158807039
-0.14,79.2,152.19,10.52,0,0.013393641
-0.14,79.2,152.19,10.52,0,0.013330698
-0.14,79.2,160.65,10.43,0,0.155277014
-0.14,79.2,160.65,10.43,0,0.148977041
-0.14,89.97,160.65,10.43,0,0.162629604
-0.14,89.97,160.65,10.43,0,0.018167257
-0.14,89.97,160.65,10.43,0,0.013954878
-0.14,89.97,160.65,10.43,0,0.013358355
-0.29,89.97,119.07,10.48,0,0.148206711
-0.14,89.97,119.07,10.48,0,0.147821665
-0.29,117.06,119.07,10.48,-0.4,0.15566206
-0.29,117.06,119.07,10.48,-0.4,0.013489485
-0.29,117.06,119.07,10.48,-0.4,0.013830662
-0.29,117.06,116.11,10.48,-0.4,0.015561104
-0.29,117.06,116.11,10.84,-0.4,0.16361165
-0.29,117.06,116.11,10.84,-0.4,0.172924042
-0.29,106.23,116.11,10.84,-0.4,0.181456566
-0.29,106.23,116.11,10.84,-0.4,0.013664961
-0.29,106.23,116.11,10.84,-0.4,0.013709545
-0.29,106.23,54.09,10.83,-0.43,0.162312031
-0.29,106.23,54.09,10.83,-0.43,0.15446353
-0.29,106.73,54.09,10.83,-0.43,0.160055876
-0.29,106.73,54.09,10.83,-0.43,0.015790939
-0.29,106.73,54.09,10.83,-0.43,0.013614416
-0.29,106.73,116.92,10.89,-0.4,0.171369791
-0.29,106.73,116.92,10.89,-0.4,0.158831596
-0.29,133.41,116.92,10.89,-0.4,0.158277273
-0.29,133.41,116.92,10.89,-0.4,0.013582945
-0.29,133.41,116.92,10.89,-0.4,0.01364255
-0.29,133.41,116.92,10.89,-0.4,0.013355494
-0.29,133.41,120.97,11.09,-0.4,0.159357309
-0.29,133.41,120.97,11.09,-0.4,0.207432985
-0.29,134.03,120.97,11.09,-0.4,0.157330751
-0.29,134.03,120.97,11.09,-0.4,0.01331377
-0.29,134.03,120.97,11.09,-0.4,0.013598442
-0.29,134.03,61.55,11.09,-0.43,0.160692453
-0.29,134.03,61.55,11.08,-0.43,0.151879072
-0.29,114.21,61.55,11.08,-0.43,0.164219141
-0.14,114.21,61.55,11.08,-0.69,0.165532351
-0.29,114.21,56.63,11.11,-0.43,0.156832933
-0.14,114.21,56.63,11.11,-0.69,0.15269208
-0.14,114.21,56.63,11.11,-0.69,0.017855406
-0.14,178.62,56.63,11.11,-0.69,0.151351929
-0.14,178.62,56.63,11.11,-0.69,0.013537169
-0.14,178.62,55,11.11,-0.69,0.155613184
-0.14,178.62,55,11.11,-0.69,0.01348424
-0.14,178.62,55,11.11,-0.69,0.014275789
-0.14,178.62,55,11.11,-0.69,0.014184475
-0.14,178.62,55,11.11,-0.69,0.013490915
-0.14,277.18,55,11.11,-0.69,0.157338858
-0.14,277.18,55,11.11,-0.69,0.01478672
-0.14,277.18,62.23,11.06,-0.69,0.18931222
-0.14,277.18,62.23,11.06,-0.69,0.152714252
-0.14,277.18,62.23,11.06,-0.69,0.015916586
-0.14,345.01,62.23,11.06,-0.69,0.157002211
-0.14,345.01,62.23,11.06,-0.69,0.013691664
-0.14,345.01,70.1,11.06,-0.69,0.1545434
-0.14,345.01,70.1,11.06,-0.69,0.165346384
-0.14,345.01,70.1,11.06,-0.69,0.01398325
-0.14,345.01,70.1,11.06,-0.69,0.013456583
-0.14,310.85,70.1,11.06,-0.69,0.16211462
-0.14,310.85,70.1,11.06,-0.69,0.017325401
-0.14,310.85,61.88,10.86,-0.69,0.202006817
-0.14,310.85,61.88,10.86,-0.69,0.164060593
-0.14,178.98,61.88,10.86,-0.69,0.029647827
-0.14,178.98,61.88,10.86,-0.69,0.16581583
-0.29,178.98,136.89,10.86,-0.43,0.174768448
-0.14,178.98,136.89,10.64,-0.4,0.147356033
-0.29,134.42,136.89,10.64,-0.4,0.170092106
-0.14,134.42,136.89,10.64,-0.4,0.170439243
-0.14,134.42,147.02,10.64,-0.4,0.160017967
-0.14,134.42,147.02,10.65,-0.4,0.157396317
-0.14,134.42,147.02,10.65,-0.4,0.013502598
-0.14,134.42,147.02,10.65,-0.4,0.013761282
-0.29,157.95,147.02,10.65,-0.4,0.161101103
-0.14,157.95,67.33,10.65,-0.4,0.149391413
-0.14,157.95,67.33,10.65,-0.69,0.153321028
-0.29,157.95,67.33,10.65,-0.43,0.151268721
-0.14,159.01,67.33,10.65,-0.69,0.167746067
-0.14,159.01,67.33,10.65,-0.69,0.013544559
-0.14,159.01,121.34,10.65,-0.4,0.147672892
-0.14,159.01,121.34,10.65,-0.4,0.147877693
-0.14,159.01,121.34,10.65,-0.4,0.013609409
-0.14,159.01,121.34,10.65,-0.4,0.013510466
-0.14,267.35,121.34,10.65,-0.4,0.167760134
-0.14,267.35,126.66,10.65,-0.4,0.152284384
-0.14,267.35,126.66,10.88,-0.4,0.153819561
-0.14,267.35,126.66,10.88,-0.4,0.013809443
-0.14,267.35,126.66,10.88,-0.4,0.013564587
-0.14,339.89,126.66,10.88,-0.4,0.172359943
-0.14,339.89,126.66,10.88,-0.4,0.017762184
-0.14,339.89,77.74,11.11,-0.69,0.210916519
-0.14,339.89,77.74,11.11,-0.69,0.183898449
-0.14,339.89,77.74,11.11,-0.69,0.013207436
-0.14,339.89,77.74,11.11,-0.69,0.013324738
-0.14,339.89,77.74,11.11,-0.69,0.013307333
-0.14,339.89,77.74,11.11,-0.69,0.013416529
-0.14,339.89,77.74,11.11,-0.69,0.014041424
-0.14,339.89,83.16,10.91,-0.69,0.153406382
-0.14,339.89,83.16,10.91,-0.69,0.165860176
-0.14,339.89,83.16,10.91,-0.69,0.014792681
-0.14,339.89,83.16,10.91,-0.69,0.013259172
-0.14,266.93,83.16,10.91,-0.69,0.160146952
-0.14,266.93,169.56,10.91,-0.4,0.149806738
-0.14,266.93,169.56,10.91,-0.4,0.162045002
-0.14,266.93,169.56,10.91,-0.4,0.013489246
-0.14,266.93,169.56,10.91,-0.4,0.01341939
-0.14,134.08,169.56,10.91,-0.4,0.156873465
-0.14,134.08,169.56,10.91,-0.4,0.013421774
-0.14,134.08,163.58,11.28,-0.4,0.161268234
-0.14,134.08,163.58,11.28,-0.4,0.16392231
-0.14,134.08,163.58,11.28,-0.4,0.015277386
-0.14,134.08,163.58,11.28,-0.4,0.014406681
-0.14,103.22,163.58,11.28,-0.4,0.174944401
-0.14,103.22,236.95,11.06,0,0.154254913
-0.14,103.22,236.95,11.06,0,0.171456099
-0.14,103.22,236.95,11.06,0,0.014029503
-0.14,103.22,236.95,11.06,0,0.013699532
-0.14,103.44,236.95,11.06,0,0.160372972
-0.14,103.44,236.95,11.06,0,0.019495249
-0.14,103.44,294.19,10.83,0,0.148783922
-0.14,103.44,294.19,10.83,0,0.191494465
-0.14,103.44,294.19,10.83,0,0.013649225
-0.14,103.44,294.19,10.83,0,0.013561964
-0.14,181.49,294.19,10.83,0,0.166095495
-0.14,181.49,134.47,10.82,-0.4,0.183800459
-0.14,181.49,134.47,10.82,-0.4,0.159083128
-0.14,181.49,134.47,10.82,-0.4,0.013546944
-0.14,181.49,134.47,10.82,-0.4,0.013548136
-0.14,314.12,134.47,10.82,-0.4,0.192659855
-0.14,314.12,80.02,10.84,-0.69,0.17418313
-0.14,314.12,80.02,10.84,-0.69,0.169026852
-0.29,314.12,80.02,10.84,-0.43,0.160938978
-0.14,400,80.02,10.84,-0.69,0.17028904
-0.14,400,239.74,10.98,-0.1,0.167311668
-0.14,400,239.74,10.98,-0.1,0.162577152
-0.14,400,239.74,10.98,-0.1,0.016538143
-0.14,400,239.74,10.98,-0.1,0.013444662
-0.14,266.01,239.74,10.98,-0.1,0.170560837
-0.14,266.01,239.74,10.98,-0.1,0.030729294
-0.14,266.01,227.98,11.03,-0.1,0.19030714
-0.14,266.01,227.98,11.03,-0.1,0.161830425
-0.14,266.01,227.98,11.03,-0.1,0.01342392
-0.14,132.7,227.98,11.03,0,0.187945843
-0.14,132.7,227.98,11.03,0,0.013657808
-0.14,132.7,189.71,10.87,-0.4,0.16524148
-0.14,132.7,189.71,10.87,-0.4,0.144779682
-0.14,132.7,189.71,10.87,-0.4,0.013586044
-0.14,266.68,189.71,10.87,-0.4,0.162215233
-0.14,266.68,189.71,10.87,-0.4,0.014028311
-0.14,266.68,361.73,10.6,-0.1,0.168752909
-0.14,266.68,361.73,10.6,-0.1,0.153962612
-0.29,239.58,361.73,10.6,-0.36,0.152816772
-0.14,239.58,361.73,10.6,-0.1,0.150940418
-0.14,239.58,289.96,10.6,-0.1,0.16107893
-0.14,239.58,289.96,10.6,-0.1,0.197304487
-0.14,239.58,289.96,10.6,-0.1,0.013417244
-0.14,96.24,289.96,10.6,0,0.17317462
-0.14,96.24,289.96,10.6,0,0.013468027
-0.14,96.24,180.35,10.84,-0.24,0.159947157
-0.14,96.24,180.35,10.84,-0.24,0.148810625
-0.14,96.24,180.35,10.84,-0.24,0.013557434
-0.14,96.24,180.35,10.84,-0.24,0.014292479
-0.14,124.41,180.35,10.84,-0.4,0.155725718
-0.14,124.41,180.35,10.84,-0.4,0.019427776
-0.14,124.41,129.73,11.03,-0.4,0.179009676
-0.14,124.41,129.73,11.03,-0.4,0.155653477
-0.14,124.41,129.73,11.03,-0.4,0.01377964
-0.14,134.22,129.73,11.03,-0.4,0.16959691
-0.14,134.22,129.73,11.03,-0.4,0.013696194
-0.14,134.22,71,10.81,-0.69,0.154805422
-0.14,134.22,71,10.81,-0.69,0.184856176
-0.14,134.22,71,10.81,-0.69,0.02172637
-0.14,134.22,71,10.81,-0.69,0.013387918
-0.14,160.75,71,10.81,-0.69,0.156620502
-0.29,160.75,50.84,10.79,-0.43,0.163053513
-0.14,160.75,50.84,10.79,-0.69,0.159218311
-0.29,160.75,50.84,10.79,-0.43,0.179175615
-0.29,160.76,50.84,10.79,-0.43,0.184596777
-0.29,160.76,53.79,11.02,-0.43,0.176836014
-0.29,160.76,53.79,11.02,-0.43,0.160639286
-0.29,160.76,53.79,11.02,-0.43,0.013746977
-0.29,160.76,53.79,11.02,-0.43,0.013394594
-0.29,166.19,53.79,11.02,-0.43,0.15632391
-0.29,166.19,66.65,11.09,-0.43,0.163098097
-0.29,166.19,66.65,11.09,-0.43,0.158610344
-0.29,166.19,66.65,11.09,-0.43,0.013754129
-0.29,166.19,66.65,11.09,-0.43,0.013699055
-0.29,299.72,66.65,11.09,-0.43,0.151480913
-0.29,299.72,66.65,11.09,-0.43,0.013536453
-0.29,299.72,60.47,10.84,-0.43,0.166820765
-0.29,299.72,60.47,10.84,-0.43,0.15141654
-0.29,299.72,60.47,10.84,-0.43,0.01372838
-0.29,299.72,60.47,10.84,-0.43,0.014363766
-0.29,400,60.47,10.84,-0.43,0.179645777
-0.29,400,60.47,10.84,-0.43,0.013401747
-0.29,400,117.16,10.83,-0.4,0.16909647
-0.29,400,117.16,10.83,-0.4,0.166728973
-0.29,400,117.16,10.83,-0.4,0.014189005
-0.29,266.07,117.16,10.83,-0.4,0.151450157
-0.29,266.07,117.16,10.83,-0.4,0.013524055
-0.29,266.07,177.3,10.86,-0.4,0.172736406
-0.29,266.07,177.3,10.86,-0.4,0.17256546
-0.29,266.07,177.3,10.86,-0.4,0.01362133
-0.29,266.07,177.3,10.86,-0.4,0.017493248
-0.29,133.18,177.3,10.86,-0.4,0.146325827
-0.29,133.18,152.74,10.64,-0.4,0.177778482
-0.29,133.18,152.74,10.64,-0.4,0.155634403
-0.29,133.18,152.74,10.64,-0.4,0.013928413
-0.29,133.18,152.74,10.64,-0.4,0.014004707
-0.29,133.18,152.74,10.64,-0.4,0.014426947
-0.29,104,152.74,10.64,-0.4,0.151097775
-0.29,104,97.26,10.85,-0.43,0.15741539
-0.29,104,97.26,10.85,-0.43,0.147068739
-0.29,104,97.26,10.85,-0.43,0.013733387
-0.29,104,97.26,10.85,-0.43,0.013555288
-0.29,104,97.26,10.85,-0.43,0.013529301
-0.29,120.18,97.26,10.85,-0.43,0.17721796
-0.29,120.18,67.43,10.83,-0.43,0.166339636
-0.29,120.18,67.43,10.83,-0.43,0.149876118
-0.29,120.18,67.43,10.83,-0.43,0.013353586
-0.29,120.18,67.43,10.83,-0.43,0.014970064
-0.29,148.04,67.43,10.83,-0.43,0.150040865
-0.29,148.04,68.86,10.65,-0.43,0.164629698
-0.29,148.04,68.86,10.65,-0.43,0.148582697
-0.29,148.04,68.86,10.65,-0.43,0.014159203
-0.29,148.04,68.86,10.65,-0.43,0.013988256
-0.29,131.48,68.86,10.65,-0.43,0.150976181
-0.29,131.48,69.25,10.65,-0.43,0.015492201
-0.29,131.48,69.25,10.97,-0.43,0.143884182
-0.29,131.48,69.25,10.97,-0.43,0.144469261
-0.29,131.48,69.25,10.97,-0.43,0.013354301
-0.29,131.48,69.25,10.97,-0.43,0.013349295
-0.29,133.41,69.25,10.97,-0.43,0.147507191
-0.43,133.41,73.35,11.13,-0.4,0.160905361
-0.29,133.41,73.35,11.13,-0.43,0.151846647
-0.14,133.41,73.35,11.13,-0.69,0.153268337
-0.14,133.41,73.35,11.13,-0.69,0.034320116
-0.14,266.67,73.35,11.13,-0.69,0.174455404
-0.29,266.67,172.92,11.06,-0.4,0.172843933
-0.29,266.67,172.92,11.06,-0.4,0.160874128
-0.29,266.67,172.92,11.06,-0.4,0.015606642
-0.14,400,172.92,11.06,-0.4,0.183368444
-0.14,400,171.4,10.89,-0.4,0.166864634
-0.14,400,171.4,10.89,-0.4,0.165669918
-0.14,400,171.4,10.89,-0.4,0.013379097
-0.14,400,171.4,10.89,-0.4,0.013334274
-0.14,400,171.4,10.89,-0.4,0.013421535
-0.14,400,171.4,10.89,-0.4,0.015613317
-0.14,266.32,126.25,10.89,-0.4,0.166764736
-0.14,266.32,126.25,10.86,-0.4,0.145540953
-0.14,266.32,126.25,10.86,-0.4,0.013753653
-0.14,266.32,126.25,10.86,-0.4,0.013746023
-0.14,266.32,126.25,10.86,-0.4,0.013500929
-0.14,266.32,126.25,10.86,-0.4,0.013555527
-0.14,266.32,126.25,10.86,-0.4,0.013468981
-0.14,105.98,108.76,10.86,-0.4,0.190190077
-0.14,105.98,108.76,11.05,-0.4,0.182808638
-0.14,105.98,108.76,11.05,-0.4,0.013936043
-0.14,105.98,108.76,11.05,-0.4,0.013416767
-0.14,105.98,108.76,11.05,-0.4,0.014031649
-0.14,105.98,108.76,11.05,-0.4,0.013431549
-0.14,107.47,108.76,11.05,-0.4,0.167894602
-0.14,107.47,108.96,11.03,-0.4,0.158807039
-0.14,107.47,108.96,11.03,-0.4,0.14777112
-0.14,107.47,108.96,11.03,-0.4,0.013443947
-0.14,107.47,108.96,11.03,-0.4,0.013562679
-0.14,107.47,108.96,11.03,-0.4,0.013558149
-0.14,267.8,108.96,11.03,-0.4,0.163685083
-0.14,267.8,109.71,11.03,-0.4,0.152844667
-0.14,267.8,109.71,11.03,-0.4,0.013492107
-0.14,267.8,109.71,11.03,-0.4,0.013669014
-0.14,267.8,109.71,11.03,-0.4,0.013387442
-0.14,267.8,109.71,11.03,-0.4,0.013437986
-0.14,267.8,109.71,11.03,-0.4,0.013893127
-0.14,266.7,109.71,11.03,-0.4,0.161309481
-0.14,266.7,114.67,10.86,-0.4,0.149483442
-0.14,266.7,114.67,10.86,-0.4,0.013495922
-0.14,266.7,114.67,10.86,-0.4,0.013506413
-0.14,266.7,114.67,10.86,-0.4,0.013271332
-0.14,266.7,114.67,10.86,-0.4,0.01324749
-0.14,266.7,114.67,10.86,-0.4,0.014941692
-0.14,133.13,114.67,10.86,-0.4,0.165361404
-0.14,133.13,183.48,10.7,-0.4,0.152377129
-0.14,133.13,183.48,10.7,-0.4,0.014755726
-0.14,133.13,183.48,10.7,-0.4,0.013437748
-0.14,133.13,183.48,10.7,-0.4,0.015351534
-0.14,133.13,183.48,10.7,-0.4,0.013543844
-0.14,133.13,183.48,10.7,-0.4,0.013625145
-0.14,106.78,183.48,10.7,-0.4,0.163778067
-0.29,106.78,164.41,10.65,-0.4,0.145680428
-0.14,106.78,164.41,10.65,-0.4,0.170008659
-0.14,106.78,164.41,10.65,-0.4,0.013791084
-0.14,106.78,164.41,10.65,-0.4,0.013650656
-0.14,106.78,164.41,10.65,-0.4,0.013870001
-0.14,107.64,164.41,10.65,-0.4,0.166713953
-0.14,107.64,107.47,10.6,-0.4,0.157113791
-0.14,107.64,107.47,10.6,-0.4,0.013402939
-0.14,107.64,107.47,10.6,-0.4,0.013528109
-0.14,107.64,107.47,10.6,-0.4,0.013387918
-0.14,107.64,107.47,10.6,-0.4,0.016705036
-0.14,107.64,107.47,10.6,-0.4,0.013579369
-0.14,267.29,107.47,10.6,-0.4,0.173631907
-0.14,267.29,121.13,10.61,-0.4,0.149358273
-0.14,267.29,121.13,10.61,-0.4,0.016393185
-0.14,267.29,121.13,10.61,-0.4,0.013363123
-0.14,267.29,121.13,10.61,-0.4,0.013393879
-0.14,267.29,121.13,10.61,-0.4,0.013458729
-0.14,267.29,121.13,10.61,-0.4,0.013399839
-0.14,400,121.13,10.61,-0.4,0.151362658
-0.14,400,177.64,11.1,-0.4,0.149694204
-0.14,400,177.64,11.1,-0.4,0.016010284
-0.14,400,177.64,11.1,-0.4,0.013642073
-0.14,400,177.64,11.1,-0.4,0.014975071
-0.14,400,177.64,11.1,-0.4,0.01375699
-0.14,400,177.64,11.1,-0.4,0.013409376
-0.14,332.6,177.64,11.1,-0.4,0.168479919
-0.14,332.6,188.57,11.1,-0.4,0.195206165
-0.29,332.6,188.57,11.1,-0.4,0.156886816
-0.29,332.6,188.57,11.1,-0.4,0.013344288
-0.29,332.6,188.57,11.1,-0.4,0.013716221
-0.29,332.6,188.57,11.1,-0.4,0.013234615
-0.14,199.95,188.57,11.1,-0.4,0.170003891
-0.29,199.95,137.5,10.68,-0.4,0.153253078
-0.14,199.95,137.5,10.68,-0.4,0.179915667
-0.29,199.95,137.5,10.68,-0.4,0.030917883
-0.14,199.95,137.5,10.68,-0.4,0.013785601
-0.14,267.35,137.5,10.68,-0.4,0.165430546
-0.29,267.35,126.44,10.87,-0.4,0.150187731
-0.29,267.35,126.44,10.87,-0.4,0.013711691
-0.29,267.35,126.44,10.87,-0.4,0.013450861
-0.29,267.35,126.44,10.87,-0.4,0.013412476
-0.29,267.35,126.44,10.87,-0.4,0.014320612
-0.29,267.35,126.44,10.87,-0.4,0.013333797
-0.29,400,126.44,10.87,-0.4,0.173437357
-0.29,400,115.21,10.82,-0.4,0.164187193
-0.29,400,115.21,10.82,-0.4,0.01336813
-0.29,400,115.21,10.82,-0.4,0.018542051
-0.29,400,115.21,10.82,-0.4,0.014047146
-0.29,400,115.21,10.82,-0.4,0.014114857
-0.29,400,115.21,10.82,-0.4,0.013940573
-0.29,400,115.21,10.82,-0.4,0.014794111
-0.29,400,115.21,10.82,-0.4,0.013422489
-0.29,400,92.04,10.87,-0.43,0.165639639
-0.29,400,92.04,10.87,-0.43,0.013485909
-0.29,400,92.04,10.87,-0.43,0.013365746
-0.29,400,92.04,10.87,-0.43,0.013392925
-0.29,400,92.04,10.87,-0.43,0.013431072
-0.29,400,92.04,10.87,-0.43,0.013628483
-0.29,400,92.04,10.87,-0.43,0.013514996
-0.29,281.39,105.3,11.07,-0.43,0.170599699
-0.29,281.39,105.3,11.07,-0.4,0.147098303
-0.29,281.39,105.3,11.07,-0.4,0.01405859
-0.29,281.39,105.3,11.07,-0.4,0.013468504
-0.29,281.39,105.3,11.07,-0.4,0.013988495
-0.29,281.39,105.3,11.07,-0.4,0.01348567
-0.29,281.39,105.3,11.07,-0.4,0.01787281
-0.29,281.39,105.3,11.07,-0.4,0.013363123
-0.29,281.39,76.9,11.01,-0.4,0.174669504
-0.29,281.39,76.9,11.01,-0.43,0.155940294
-0.29,281.39,76.9,11.01,-0.43,0.013646841
-0.29,281.39,76.9,11.01,-0.43,0.013637304
-0.29,281.39,76.9,11.01,-0.43,0.013633013
-0.29,246.44,76.9,10.86,-0.43,0.17201376
-0.29,246.44,126.33,10.86,-0.4,0.214649916
-0.29,246.44,126.33,10.86,-0.4,0.013680458
-0.29,246.44,126.33,10.86,-0.4,0.013543129
-0.29,246.44,126.33,10.86,-0.4,0.013569355
-0.29,246.44,126.33,10.86,-0.4,0.013522148
-0.29,246.44,126.33,10.86,-0.4,0.013531208
-0.29,110.52,125.93,10.9,-0.4,0.156503201
-0.29,110.52,125.93,10.9,-0.4,0.162852764
-0.29,110.52,125.93,10.9,-0.4,0.013404131
-0.29,110.52,125.93,10.9,-0.4,0.013428211
-0.29,110.52,125.93,10.9,-0.4,0.013357878
-0.29,110.52,125.93,10.9,-0.4,0.013324976
-0.29,110.52,125.93,10.9,-0.4,0.013402939
-0.29,264.08,125.82,11.27,-0.4,0.179960251
-0.29,264.08,125.82,11.27,-0.4,0.185070992
-0.29,264.08,125.82,11.27,-0.4,0.017575264
-0.29,264.08,125.82,11.27,-0.4,0.017481089
-0.29,264.08,125.82,11.27,-0.4,0.01396513
-0.29,264.08,125.82,11.27,-0.4,0.013481617
-0.29,264.08,125.82,11.27,-0.4,0.013592005
-0.29,400,175.78,11.06,-0.4,0.182065248
-0.29,400,175.78,11.06,-0.4,0.164745331
-0.29,400,175.78,11.06,-0.4,0.015468359
-0.29,400,175.78,11.06,-0.4,0.013732433
-0.29,400,175.78,11.06,-0.4,0.013657331
-0.29,400,175.78,11.06,-0.4,0.013737202
-0.29,400,175.78,11.06,-0.4,0.013810873
-0.29,267.51,125.15,10.65,-0.4,0.159201384
-0.29,267.51,125.15,10.65,-0.4,0.165258884
-0.29,267.51,125.15,10.65,-0.4,0.016261578
-0.29,267.51,125.15,10.65,-0.4,0.017795086
-0.29,267.51,125.15,10.65,-0.4,0.016886473
-0.29,267.51,125.15,10.65,-0.4,0.014947891
-0.29,267.51,125.15,10.65,-0.4,0.013773203
-0.29,205.33,130.03,10.61,-0.4,0.155940533
-0.29,205.33,130.03,10.61,-0.4,0.178694725
-0.29,205.33,130.03,10.61,-0.4,0.01548481
-0.29,205.33,130.03,10.61,-0.4,0.015414953
-0.29,205.33,130.03,10.61,-0.4,0.013771534
-0.29,205.33,130.03,10.61,-0.4,0.013532877
-0.29,205.33,130.03,10.61,-0.4,0.013605356
-0.29,204.71,291.67,11.05,-0.4,0.188102722
-0.29,204.71,291.67,11.05,-0.36,0.171644926
-0.29,204.71,291.67,11.05,-0.36,0.013534069
-0.29,204.71,291.67,11.05,-0.36,0.013940811
-0.29,204.71,291.67,11.05,-0.36,0.013434172
-0.29,204.71,291.67,11.05,-0.36,0.013614893
-0.29,204.71,291.67,11.05,-0.36,0.013639212
-0.29,106.61,289.36,11.05,0,0.183962822
-0.29,106.61,289.36,11.05,0,0.154503107
-0.29,106.61,289.36,11.05,0,0.013672352
-0.29,106.61,289.36,11.05,0,0.013860464
-0.29,106.61,289.36,11.05,0,0.013555527
-0.14,106.45,289.36,10.65,0,0.172279835
-0.14,106.45,129.88,10.65,0,0.157217503
-0.14,106.45,129.88,10.65,-0.4,0.161584377
-0.14,106.45,129.88,10.65,-0.4,0.022398949
-0.14,106.45,129.88,10.65,-0.4,0.013682127
-0.14,106.45,129.88,10.65,-0.4,0.013391733
-0.14,106.45,129.88,10.65,-0.4,0.014164686
-0.14,127.56,77.35,10.88,-0.4,0.162583351
-0.14,127.56,77.35,10.88,-0.69,0.167125225
-0.14,127.56,77.35,10.88,-0.69,0.013554573
-0.14,127.56,77.35,10.88,-0.69,0.013836384
-0.14,127.56,77.35,10.88,-0.69,0.013375998
-0.14,127.56,77.35,10.88,-0.69,0.013529778
-0.14,127.56,77.35,10.88,-0.69,0.016664743
-0.14,260.84,125.57,11.05,-0.69,0.178959131
-0.14,260.84,125.57,11.05,-0.4,0.153732538
-0.14,260.84,125.57,11.05,-0.4,0.013461828
-0.14,260.84,125.57,11.05,-0.4,0.013914347
-0.14,260.84,125.57,11.05,-0.4,0.013448954
-0.14,260.84,125.57,11.05,-0.4,0.013529539
-0.14,260.84,125.57,11.05,-0.4,0.013546467
-0.14,266.94,178.34,10.87,-0.4,0.195595026
-0.14,266.94,178.34,10.87,-0.4,0.152509451
-0.14,266.94,178.34,10.87,-0.4,0.013294458
-0.14,266.94,178.34,10.87,-0.4,0.014392853
-0.14,266.94,178.34,10.87,-0.4,0.013803005
-0.14,266.94,178.34,10.87,-0.4,0.013539314
-0.14,266.94,178.34,10.87,-0.4,0.013616085
-0.14,134.52,179.59,10.87,-0.4,0.173985243
-0.14,134.52,179.59,10.87,-0.4,0.1607759
-0.14,134.52,179.59,10.87,-0.4,0.016055822
-0.14,134.52,179.59,10.87,-0.4,0.013270378
-0.14,134.52,179.59,10.87,-0.4,0.013418198
-0.14,134.52,179.59,10.87,-0.4,0.013404846
-0.14,134.52,179.59,10.87,-0.4,0.014601469
-0.14,202.37,121.5,11.08,-0.4,0.166414738
-0.14,202.37,121.5,11.08,-0.4,0.145093441
-0.14,202.37,121.5,11.08,-0.4,0.013372898
-0.14,202.37,121.5,11.08,-0.4,0.017096758
-0.14,202.37,121.5,11.08,-0.4,0.015898943
-0.14,202.37,121.5,11.08,-0.4,0.020206928
-0.14,202.37,121.5,11.08,-0.4,0.013581038
-0.14,334.79,120.9,11.1,-0.4,0.171472311
-0.14,334.79,120.9,11.1,-0.4,0.159085035
-0.14,334.79,120.9,11.1,-0.4,0.014272928
-0.14,334.79,120.9,11.1,-0.4,0.013527632
-0.14,334.79,120.9,11.1,-0.4,0.01518774
-0.14,334.79,120.9,11.1,-0.4,0.014939308
-0.14,334.79,120.9,11.1,-0.4,0.013396025
-0.14,267.73,120.9,10.87,-0.4,0.177320242
-0.14,267.73,234.09,10.87,-0.1,0.184813738
-0.14,267.73,234.09,10.87,-0.1,0.013442993
-0.14,267.73,234.09,10.87,-0.1,0.013482094
-0.14,267.73,234.09,10.87,-0.1,0.013543129
-0.14,267.73,234.09,10.87,-0.1,0.013859749
-0.14,110.24,234.09,10.62,-0.1,0.178137064
-0.29,110.24,258.08,10.62,0,0.1489501
-0.14,110.24,258.08,10.62,0,0.1499331
-0.14,110.24,258.08,10.62,0,0.014590979
-0.14,110.24,258.08,10.62,0,0.013844013
-0.14,110.24,258.08,10.62,0,0.013908386
-0.14,108.58,258.08,10.83,0,0.161433935
-0.14,108.58,202.29,10.83,0,0.153136015
-0.14,108.58,202.29,10.83,0,0.013608694
-0.14,108.58,202.29,10.83,0,0.013442993
-0.14,108.58,202.29,10.83,0,0.013448
-0.14,108.58,202.29,10.83,0,0.013439655
-0.14,108.58,202.29,10.83,0,0.013340473
-0.14,108.36,202.29,11.07,0,0.178356409
-0.14,108.36,178.01,11.07,-0.4,0.179717779
-0.14,108.36,178.01,11.07,-0.4,0.01340127
-0.14,108.36,178.01,11.07,-0.4,0.013460398
-0.14,108.36,178.01,11.07,-0.4,0.016633749
-0.14,108.36,178.01,11.07,-0.4,0.013586998
-0.14,108.36,178.01,11.07,-0.4,0.016723394
-0.14,46.03,178.01,11.06,0,0.169726849
-0.14,46.03,152.02,11.06,0,0.163440943
-0.14,46.03,152.02,11.06,0,0.013455868
-0.14,46.03,152.02,11.06,0,0.013694763
-0.14,46.03,152.02,11.06,0,0.017712116
-0.14,46.03,152.02,11.06,0,0.017665386
-0.14,46.03,152.02,10.8,0,0.020530462
-0.14,69.98,152.02,10.8,0,0.183125257
-0.29,69.98,152.35,10.8,0,0.149067879
-0.14,69.98,152.35,10.8,0,0.181218863
-0.14,69.98,152.35,10.8,0,0.013636351
-0.14,69.98,152.35,10.8,0,0.013410807
-0.14,134.24,152.35,10.82,-0.4,0.173689604
-0.14,134.24,179.45,10.82,-0.4,0.15895009
-0.14,134.24,179.45,10.82,-0.4,0.019222498
-0.14,134.24,179.45,10.82,-0.4,0.016938686
-0.14,134.24,179.45,10.82,-0.4,0.016396046
-0.14,134.24,179.45,10.82,-0.4,0.022970915
0,268.01,179.45,11.03,-0.4,0.178853035
0,268.01,122.06,11.03,-0.4,0.155938387
0,268.01,122.06,11.03,-0.4,0.171847105
0,268.01,122.06,11.03,-0.4,0.014797688
0,268.01,122.06,11.03,-0.4,0.016073227
0,268.01,122.06,11.03,-0.4,0.017342567
-0.14,291.29,122.06,10.86,-0.4,0.178180695
-0.29,291.29,69.95,10.86,-0.4,0.162216663
-0.14,291.29,69.95,10.86,-0.69,0.167981386
-0.14,291.29,69.95,10.86,-0.69,0.014001608
0,291.29,69.95,10.88,-0.8,0.170951366
0,202.49,69.95,10.88,-0.8,0.162916183
0,202.49,126.99,10.88,-0.4,0.197750807
0,202.49,126.99,10.88,-0.4,0.013546944
0,202.49,126.99,10.88,-0.4,0.01337409
0,202.49,126.99,10.88,-0.4,0.013321161
0,195.32,126.99,10.82,-0.4,0.175906897
0,195.32,178.02,10.82,-0.4,0.145525217
0,195.32,178.02,10.82,-0.4,0.187194347
0,195.32,178.02,10.82,-0.4,0.013440132
0,195.32,178.02,10.82,-0.4,0.013302565
0,123.75,178.02,10.8,-0.4,0.175121784
0,123.75,177.67,10.8,-0.4,0.160248756
0,123.75,177.67,10.8,-0.4,0.159565687
0,123.75,177.67,10.8,-0.4,0.014545441
0,123.75,177.67,10.8,-0.4,0.016035557
0,239.64,177.67,11.04,-0.4,0.187936306
0,239.64,118.16,11.04,-0.4,0.197391748
0,239.64,118.16,11.04,-0.4,0.160160065
0,239.64,118.16,11.04,-0.4,0.013631105
0,239.64,118.16,11.04,-0.4,0.013520241
0,239.64,118.16,10.86,-0.4,0.174732208
0,267.35,68.18,10.86,-0.4,0.173166513
0,267.35,68.18,10.86,-0.8,0.170571327
0,267.35,68.18,10.86,-0.8,0.013332844
0,267.35,68.18,10.86,-0.8,0.013473988
0,267.35,68.18,10.82,-0.8,0.1524508
0,134.26,68.18,10.82,-0.8,0.16549468
0,134.26,75.6,10.82,-0.8,0.171620846
0,134.26,75.6,10.82,-0.8,0.013489485
0,134.26,75.6,10.82,-0.8,0.013656855
0,134.26,75.6,10.82,-0.8,0.013884068
0,266.91,75.6,11.04,-0.8,0.195034504
-0.14,266.91,76.54,11.04,-0.69,0.165951014
-0.29,266.91,76.54,11.04,-0.43,0.156170845
-0.14,266.91,76.54,11.11,-0.69,0.154606819
-0.14,239.64,76.54,11.11,-0.69,0.177898169
-0.29,239.64,79.42,11.11,-0.43,0.165483475
-0.14,239.64,79.42,11.11,-0.69,0.177560568
-0.29,239.64,79.42,10.92,-0.43,0.166290283
0,239.64,79.42,10.92,-0.8,0.165851831
-0.14,79.22,71.54,10.92,-0.1,0.164295912
-0.14,79.22,71.54,10.92,-0.1,0.168029308
-0.14,79.22,71.54,10.92,-0.1,0.013585806
-0.29,79.22,71.54,10.91,-0.36,0.175346613
-0.29,79.33,71.54,10.91,-0.36,0.160339117
-0.29,79.33,56.91,10.91,-0.36,0.15486455
-0.29,79.33,56.91,10.91,-0.36,0.013477325
-0.29,79.33,56.91,10.91,-0.36,0.013385773
-0.29,79.33,56.91,10.91,-0.36,0.013369322
-0.14,79.33,56.91,10.86,-0.1,0.156550169
-0.14,79.33,56.91,10.86,-0.1,0.013431072
-0.14,146.3,44.09,10.86,-0.69,0.159371138
-0.43,146.3,44.09,10.86,-0.4,0.159151316
-0.43,146.3,44.09,10.86,-0.4,0.013726234
-0.43,146.3,44.09,10.86,-0.4,0.014165163
-0.14,146.3,44.09,10.87,-0.69,0.17068553
-0.14,201.11,48.17,10.87,-0.69,0.154840708
-0.14,201.11,48.17,10.87,-0.69,0.159141541
-0.14,201.11,48.17,10.87,-0.69,0.014098406
-0.14,201.11,48.17,10.87,-0.69,0.013610601
-0.14,201.11,48.17,10.9,-0.69,0.175615072
-0.14,160.82,229.19,10.9,-0.69,0.168015718
-0.14,160.82,229.19,10.9,0,0.16773653
-0.14,160.82,229.19,10.9,0,0.013515472
-0.14,160.82,229.19,10.9,0,0.013908386
-0.14,160.82,229.19,10.83,0,0.150831461
-0.14,160.82,229.19,10.83,0,0.033660412
-0.14,133.39,228.59,10.83,0,0.176048279
-0.14,133.39,228.59,10.83,0,0.148536921
-0.14,133.39,228.59,10.83,0,0.013855934
-0.14,133.39,228.59,10.83,0,0.015548468
-0.14,133.39,228.59,11.04,0,0.14478755
-0.14,133.39,228.59,11.04,0,0.01347661
-0.14,133.13,63.29,11.04,0,0.196745872
-0.14,133.13,63.29,11.04,-0.69,0.152576923
-0.43,133.13,63.29,10.92,-0.4,0.170909882
-0.14,133.13,63.29,10.92,-0.69,0.176107407
-0.43,266.01,65.22,10.92,-0.4,0.166584492
-0.14,266.01,65.22,10.92,-0.69,0.233513355
-0.14,266.01,65.22,10.68,-0.69,0.014771223
-0.14,266.01,65.22,10.68,-0.69,0.153967381
-0.14,266.67,59.77,10.68,-0.69,0.180570364
-0.43,266.67,59.77,10.68,-0.4,0.17357707
-0.14,266.67,59.77,10.66,-0.69,0.170706987
-0.43,266.67,59.77,10.66,-0.4,0.149478436
-0.14,133.54,57.28,10.66,-0.69,0.175140142
-0.14,133.54,57.28,10.66,-0.69,0.163128376
-0.14,133.54,57.28,10.66,-0.69,0.015755653
-0.14,133.54,57.28,10.66,-0.69,0.013571978
-0.14,133.54,57.28,10.45,-0.69,0.15745163
-0.43,132.29,61.31,10.45,-0.4,0.151768208
-0.29,132.29,61.31,10.45,-0.43,0.154959917
-0.29,132.29,61.31,10.45,-0.43,0.015590429
-0.14,132.29,61.31,10.66,-0.69,0.173344612
-0.14,132.29,61.31,10.66,-0.69,0.162575006
-0.14,152.17,111.14,10.66,-0.69,0.173501253
-0.14,152.17,111.14,10.66,-0.4,0.144220114
-0.14,152.17,111.14,10.66,-0.4,0.013926268
-0.14,152.17,111.14,11.09,-0.4,0.037962675
-0.14,152.17,111.14,11.09,-0.4,0.148980379
-0.14,286.75,117.58,11.09,-0.4,0.170603752
-0.14,286.75,117.58,11.09,-0.4,0.156265259
-0.14,286.75,117.58,11.09,-0.4,0.015112162
-0.14,286.75,117.58,11.09,-0.4,0.019073486
-0.14,286.75,117.58,10.88,-0.4,0.155143261
-0.14,286.75,117.58,10.88,-0.4,0.013544798
-0.14,400,142.77,10.88,-0.4,0.174937725
-0.14,400,142.77,10.88,-0.4,0.159571171
-0.14,400,142.77,10.88,-0.4,0.01436758
-0.14,400,142.77,10.91,-0.4,0.152990341
-0.14,400,142.77,10.91,-0.4,0.013519049
-0.14,400,142.77,10.91,-0.4,0.014544725
-0.14,267.32,130.22,10.91,-0.4,0.168020248
-0.14,267.32,130.22,10.91,-0.4,0.145944357
-0.14,267.32,130.22,10.91,-0.4,0.013650417
-0.14,267.32,130.22,11.29,-0.4,0.186737537
-0.14,267.32,130.22,11.29,-0.4,0.023848057
-0.14,267.32,130.22,11.29,-0.4,0.014940739
-0.14,267.32,130.22,11.29,-0.4,0.014783382
-0.14,267.32,63.46,11.29,-0.69,0.153075695
-0.14,267.32,63.46,11.29,-0.69,0.013768196
-0.14,267.32,63.46,11.29,-0.69,0.013814449
-0.14,267.32,63.46,11.45,-0.69,0.183757067
-0.14,267.32,63.46,11.45,-0.69,0.013339996
-0.14,338.51,71.69,11.45,-0.69,0.201453447
-0.14,338.51,71.69,11.45,-0.69,0.158430576
-0.14,338.51,71.69,10.86,-0.69,0.159408092
-0.14,338.51,71.69,10.86,-0.69,0.03036356
-0.14,338.51,71.69,10.86,-0.69,0.013548613
-0.14,183.52,71.69,10.86,-0.69,0.169737101
-0.14,183.52,75.04,10.86,-0.69,0.161581993
-0.14,183.52,75.04,10.86,-0.69,0.013780594
-0.14,183.52,75.04,10.42,-0.69,0.145644665
-0.14,183.52,75.04,10.42,-0.69,0.013410807
-0.14,183.52,75.04,10.42,-0.69,0.013298035
-0.14,112.14,125.22,10.42,-0.69,0.168758392
-0.14,112.14,125.22,10.42,-0.4,0.152522564
-0.14,112.14,125.22,10.58,-0.4,0.160274029
-0.14,112.14,125.22,10.58,-0.4,0.01551652
-0.14,112.14,125.22,10.58,-0.4,0.013785839
-0.14,112.14,125.22,10.58,-0.4,0.013690233
-0.14,134.19,175.04,10.58,-0.4,0.179139614
-0.14,134.19,175.04,10.58,-0.4,0.180842638
-0.14,134.19,175.04,10.6,-0.4,0.16157198
-0.14,134.19,175.04,10.6,-0.4,0.0134027
-0.14,134.19,175.04,10.6,-0.4,0.033555031
-0.14,267.07,129.12,10.6,-0.4,0.169103384
-0.14,267.07,129.12,10.6,-0.4,0.168784857
-0.14,267.07,129.12,10.84,-0.4,0.164439917
-0.14,267.07,129.12,10.84,-0.4,0.013397932
-0.14,267.07,129.12,10.84,-0.4,0.023360014
-0.14,266.71,83.29,10.84,-0.4,0.173123598
-0.14,266.71,83.29,10.84,-0.69,0.17496109
-0.14,266.71,83.29,11.21,-0.69,0.173133135
-0.14,266.71,83.29,11.21,-0.69,0.01378417
-0.14,266.71,83.29,11.21,-0.69,0.014660835
-0.14,133.36,83.33,11.21,-0.69,0.15826726
-0.14,133.36,83.33,11.21,-0.69,0.158781528
-0.14,133.36,83.33,11.02,-0.69,0.155367613
-0.14,133.36,83.33,11.02,-0.69,0.014445543
-0.14,133.36,83.33,11.02,-0.69,0.013616323
-0.14,133.36,83.33,11.02,-0.69,0.020838737
-0.14,266.65,70.67,11.02,-0.69,0.15932703
-0.14,266.65,70.67,11.02,-0.69,0.17863512
-0.14,266.65,70.67,10.89,-0.69,0.154739618
-0.14,266.65,70.67,10.89,-0.69,0.013838768
-0.14,266.65,70.67,10.89,-0.69,0.013669729
-0.14,400,66.77,10.89,-0.69,0.162991285
-0.14,400,66.77,10.89,-0.69,0.216848135
-0.14,400,66.77,10.9,-0.69,0.157877684
-0.14,400,66.77,10.9,-0.69,0.014188528
-0.14,400,66.77,10.9,-0.69,0.013687611
-0.14,267.13,75.43,10.9,-0.69,0.197129488
-0.14,267.13,75.43,10.9,-0.69,0.169363737
-0.14,267.13,75.43,10.88,-0.69,0.149707079
-0.14,267.13,75.43,10.88,-0.69,0.013985395
-0.14,267.13,75.43,10.88,-0.69,0.01370883
-0.14,267.13,75.43,10.88,-0.69,0.013582945
-0.14,135.35,76.04,10.88,-0.69,0.169877768
-0.14,135.35,76.04,10.83,-0.69,0.152476072
-0.29,135.35,76.04,10.83,-0.43,0.152150393
-0.14,135.35,76.04,10.83,-0.69,0.149480581
-0.14,268.22,67.15,10.83,-0.69,0.156173468
-0.29,268.22,67.15,10.83,-0.43,0.175801516
-0.29,268.22,67.15,10.79,-0.43,0.1568048
-0.14,268.22,67.15,10.79,-0.69,0.14440012
-0.29,268.22,67.15,10.79,-0.43,0.013439655
-0.29,267.32,230.73,10.79,-0.43,0.174113274
-0.29,267.32,230.73,11.01,-0.36,0.161432028
-0.29,267.32,230.73,11.01,-0.36,0.194195986
-0.29,267.32,230.73,11.01,-0.36,0.015512466
-0.14,100.83,400,11.01,0,0.189282894
-0.29,100.83,400,11.01,0,0.158891439
-0.29,100.83,400,11.13,0,0.192834854
-0.29,100.83,400,11.13,0,0.013660669
-0.29,100.83,400,11.13,0,0.013572216
-0.29,100.83,400,11.13,0,0.013426542
-0.29,126.64,400,11.13,0,0.190469503
-0.29,126.64,400,11.13,0,0.016296864
-0.29,126.64,400,11.09,0,0.164580345
-0.29,126.64,400,11.09,0,0.013269186
-0.29,126.64,400,11.09,0,0.013450146
-0.29,126.64,400,11.09,0,0.013275862
-0.29,171.4,400,11.09,0,0.172262192
-0.29,171.4,289.12,11.09,0,0.157757998
-0.29,171.4,289.12,11.12,0,0.159675837
-0.14,171.4,289.12,11.12,0,0.164032221
-0.14,165.3,289.12,11.12,0,0.152477026
-0.14,165.3,112.83,11.14,-0.4,0.179587126
-0.14,165.3,112.83,11.14,-0.4,0.17472434
-0.14,165.3,112.83,11.14,-0.4,0.015425682
-0.14,165.3,112.83,11.14,-0.4,0.014084578
-0.14,153.51,112.83,11.14,-0.4,0.153354406
-0.14,153.51,160.88,11.14,-0.4,0.172110319
-0.14,153.51,160.88,11.03,-0.4,0.157518148
-0.14,153.51,160.88,11.03,-0.4,0.013550758
-0.14,153.51,160.88,11.03,-0.4,0.013501644
-0.14,153.51,160.88,11.03,-0.4,0.013799906
-0.14,133.12,168.78,11.03,-0.4,0.169343233
-0.14,133.12,168.78,11.09,-0.4,0.158545017
-0.14,133.12,168.78,11.09,-0.4,0.166136503
-0.14,133.12,168.78,11.09,-0.4,0.018304348
-0.14,133.12,168.78,11.09,-0.4,0.014136553
-0.14,134.24,168.78,11.09,-0.4,0.160081148
-0.14,134.24,58.23,10.61,-0.69,0.166719675
-0.14,134.24,58.23,10.61,-0.69,0.182593822
-0.14,134.24,58.23,10.61,-0.69,0.014422655
-0.14,134.24,58.23,10.61,-0.69,0.014008284
-0.14,114.9,58.23,10.61,-0.69,0.152115107
-0.14,114.9,115.7,10.61,-0.4,0.181493998
-0.14,114.9,115.7,10.57,-0.4,0.150490999
-0.14,114.9,115.7,10.57,-0.4,0.013485432
-0.14,114.9,115.7,10.57,-0.4,0.013575554
-0.14,81.19,115.7,10.57,-0.4,0.021231413
-0.14,81.19,110.8,10.57,0,0.184593678
-0.14,81.19,110.8,11.06,0,0.167539597
-0.14,81.19,110.8,11.06,0,0.164803982
-0.14,81.19,110.8,11.06,0,0.014897585
-0.14,81.19,110.8,11.06,0,0.017086267
-0.14,233.88,44.61,11.06,-0.4,0.169538736
-0.14,233.88,44.61,10.94,-0.69,0.184549809
-0.14,233.88,44.61,10.94,-0.69,0.176162481
-0.14,233.88,44.61,10.94,-0.69,0.01355648
-0.14,233.88,44.61,10.94,-0.69,0.013667822
-0.14,400,44.61,10.94,-0.69,0.163950443
-0.14,400,49.19,10.95,-0.69,0.162226439
-0.14,400,49.19,10.95,-0.69,0.171556234
-0.14,400,49.19,10.95,-0.69,0.013492107
-0.14,400,49.19,10.95,-0.69,0.015102625
-0.14,238.09,49.19,10.95,-0.69,0.165742636
-0.14,238.09,69.5,11.08,-0.69,0.153984547
-0.14,238.09,69.5,11.08,-0.69,0.168338776
-0.14,238.09,69.5,11.08,-0.69,0.013470173
-0.14,238.09,69.5,11.08,-0.69,0.014596939
-0.14,100.14,69.5,11.08,-0.69,0.161234856
-0.14,100.14,129.28,11.05,-0.4,0.15825963
-0.14,100.14,129.28,11.05,-0.4,0.167301416
-0.14,100.14,129.28,11.05,-0.4,0.013450146
-0.14,100.14,129.28,11.05,-0.4,0.014040232
-0.14,100.14,129.28,11.05,-0.4,0.014177084
-0.14,100.2,134.68,11.05,-0.4,0.153322697
-0.14,100.2,134.68,11.1,-0.4,0.160716295
-0.14,100.2,134.68,11.1,-0.4,0.160135031
-0.14,100.2,134.68,11.1,-0.4,0.013517618
-0.14,100.2,134.68,11.1,-0.4,0.014332771
-0.14,105.28,134.68,11.1,-0.4,0.147343159
-0.14,105.28,137.71,10.88,-0.4,0.150005579
-0.14,105.28,137.71,10.88,-0.4,0.172574759
-0.29,105.28,137.71,10.88,-0.4,0.152979136
-0.29,105.28,137.71,10.88,-0.4,0.017769814
-0.29,267.14,178.04,10.88,-0.4,0.169652939
-0.29,267.14,178.04,10.83,-0.4,0.202708721
-0.14,267.14,178.04,10.83,-0.4,0.181821346
-0.29,239.67,178.04,10.83,-0.4,0.184646845
-0.14,239.67,129.81,10.83,-0.4,0.210610151
-0.14,239.67,129.81,11.02,-0.4,0.173127651
-0.14,239.67,129.81,11.02,-0.4,0.014810801
-0.14,239.67,129.81,11.02,-0.4,0.015217781
-0.14,239.67,129.81,11.02,-0.4,0.021307945
-0.14,141.98,129.81,11.02,-0.4,0.147515774
-0.14,141.98,77.83,11.04,-0.69,0.150665522
-0.29,141.98,77.83,11.04,-0.43,0.169462681
-0.29,141.98,77.83,11.04,-0.43,0.015054703
-0.29,141.98,77.83,11.04,-0.43,0.014250755
-0.29,141.98,77.83,11.04,-0.43,0.013550043
-0.29,132.82,66.99,11.04,-0.43,0.174324036
-0.29,132.82,66.99,11.1,-0.43,0.182594776
-0.14,132.82,66.99,11.1,-0.69,0.159535408
-0.29,132.82,66.99,11.1,-0.43,0.158168554
-0.14,98.72,53.67,11.1,-0.6,0.154895782
-0.14,98.72,53.67,10.86,-0.6,0.160475254
-0.14,98.72,53.67,10.86,-0.6,0.160718679
0,98.72,53.67,10.86,-0.66,0.162522793
0,268.21,46.18,10.86,-0.8,0.163879156
-0.14,268.21,46.18,10.56,-0.69,0.165975571
-0.29,268.21,46.18,10.56,-0.43,0.158355951
-0.29,268.21,46.18,10.56,-0.43,0.014276028
-0.29,268.21,46.18,10.56,-0.43,0.013491392
-0.14,297.94,46.18,10.56,-0.69,0.153466702
-0.14,297.94,46.42,10.62,-0.69,0.147990704
-0.29,297.94,46.42,10.62,-0.43,0.156347513
-0.14,297.94,46.42,10.62,-0.69,0.161587
-0.14,297.94,46.42,10.62,-0.69,0.01406455
-0.14,142.62,54.88,10.62,-0.69,0.164470196
-0.14,142.62,54.88,10.7,-0.69,0.174010515
-0.14,142.62,54.88,10.7,-0.69,0.013571978
-0.14,142.62,54.88,10.7,-0.69,0.013476372
-0.14,142.62,54.88,10.7,-0.69,0.014666796
-0.14,142.62,54.88,10.7,-0.69,0.013415575
-0.14,244.68,54.88,10.7,-0.69,0.016457796
-0.14,244.68,58.97,10.7,-0.69,0.160214424
-0.14,244.68,58.97,10.63,-0.69,0.165874958
-0.14,244.68,58.97,10.63,-0.69,0.0135777
-0.14,244.68,58.97,10.63,-0.69,0.013702869
-0.14,244.68,58.97,10.63,-0.69,0.013890743
-0.14,244.68,58.97,10.63,-0.69,0.015781641
-0.14,244.68,58.97,10.63,-0.69,0.01371026
-0.14,250.43,54.2,10.84,-0.69,0.187979937
-0.14,250.43,54.2,10.84,-0.69,0.161315918
-0.14,250.43,54.2,10.84,-0.69,0.01388073
-0.14,250.43,54.2,10.84,-0.69,0.014310837
-0.14,250.43,54.2,10.84,-0.69,0.01736021
-0.14,250.43,54.2,10.84,-0.69,0.015485287
-0.14,250.43,54.2,10.84,-0.69,0.013480186
-0.14,250.43,56.36,10.98,-0.69,0.179262638
-0.14,250.43,56.36,10.98,-0.69,0.170776129
-0.14,250.43,56.36,10.98,-0.69,0.013762474
-0.14,250.43,56.36,10.98,-0.69,0.013847589
-0.14,250.43,56.36,10.98,-0.69,0.013901472
-0.14,250.43,56.36,10.98,-0.69,0.013707638
-0.14,400,69.67,10.98,-0.69,0.194561481
-0.14,400,69.67,10.95,-0.69,0.175946712
-0.14,400,69.67,10.95,-0.69,0.013668537
-0.14,400,69.67,10.95,-0.69,0.014066219
-0.14,400,69.67,10.95,-0.69,0.013536692
-0.14,400,69.67,10.95,-0.69,0.013626575
-0.14,400,69.67,10.95,-0.69,0.013759851
-0.14,267.13,68.29,11.05,-0.69,0.172984362
-0.14,267.13,68.29,11.05,-0.69,0.172771215
-0.14,267.13,68.29,11.05,-0.69,0.014854431
-0.14,267.13,68.29,11.05,-0.69,0.013593197
-0.14,267.13,68.29,11.05,-0.69,0.013864517
-0.14,267.13,68.29,11.05,-0.69,0.013830662
-0.14,104.25,58.19,11.05,-0.69,0.164279222
-0.14,104.25,58.19,11.03,-0.69,0.158960819
-0.14,104.25,58.19,11.03,-0.69,0.013560534
-0.14,104.25,58.19,11.03,-0.69,0.013488293
-0.14,104.25,58.19,11.03,-0.69,0.013492107
-0.14,104.25,58.19,11.03,-0.69,0.016460896
-0.14,104.25,58.19,11.03,-0.69,0.013514757
-0.14,66.46,58.19,11.03,-0.1,0.154584885
-0.14,66.46,56.48,11.02,-0.1,0.174243212
-0.14,66.46,56.48,11.02,-0.1,0.013658285
-0.14,66.46,56.48,11.02,-0.1,0.014195681
-0.14,66.46,56.48,11.02,-0.1,0.013655186
-0.14,66.46,56.48,11.02,-0.1,0.013712883
-0.14,66.46,56.48,11.02,-0.1,0.013717175
-0.14,107.03,50.77,11.02,-0.69,0.173672438
-0.14,107.03,50.77,11.07,-0.69,0.16176033
-0.14,107.03,50.77,11.07,-0.69,0.014156818
-0.14,107.03,50.77,11.07,-0.69,0.014222383
-0.14,107.03,50.77,11.07,-0.69,0.017146587
-0.14,107.03,50.77,11.07,-0.69,0.013765335
-0.14,107.03,50.77,11.07,-0.69,0.013547897
-0.14,105.84,48.19,11.07,-0.69,0.175595045
-0.14,105.84,48.19,11.04,-0.69,0.162461996
-0.29,105.84,48.19,11.04,-0.43,0.217193604
-0.14,105.84,48.19,11.04,-0.69,0.013536692
-0.14,105.84,48.19,11.04,-0.69,0.013989449
-0.14,57.08,109.71,11.04,-0.1,0.166685104
-0.29,57.08,109.71,10.86,0,0.159932375
-0.14,57.08,109.71,10.86,0,0.160827398
-0.14,57.08,109.71,10.86,0,0.015698195
-0.14,57.08,109.71,10.86,0,0.015580654
-0.14,228.95,109.04,10.86,-0.4,0.187268257
-0.14,228.95,109.04,10.9,-0.4,0.158281088
-0.14,228.95,109.04,10.9,-0.4,0.016631603
-0.14,228.95,109.04,10.9,-0.4,0.018485069
-0.14,228.95,109.04,10.9,-0.4,0.014224768
-0.14,228.95,109.04,10.9,-0.4,0.017138004
-0.14,228.95,109.04,10.9,-0.4,0.016659975
-0.14,266.43,54.43,11.1,-0.4,0.179476976
-0.14,266.43,54.43,11.1,-0.69,0.172133684
-0.14,266.43,54.43,11.1,-0.69,0.015688658
-0.14,266.43,54.43,11.1,-0.69,0.013530254
-0.14,266.43,54.43,11.1,-0.69,0.013634205
-0.14,266.43,54.43,11.1,-0.69,0.013462305
-0.14,266.43,54.43,11.1,-0.69,0.013807774
-0.14,133.14,106.67,10.92,-0.69,0.182568073
-0.14,133.14,106.67,10.92,-0.4,0.161636591
-0.14,133.14,106.67,10.92,-0.4,0.014117479
-0.14,133.14,106.67,10.92,-0.4,0.013622284
-0.14,133.14,106.67,10.92,-0.4,0.013742685
-0.14,133.14,106.67,10.92,-0.4,0.013544083
-0.14,133.14,106.67,10.92,-0.4,0.013542652
-0.14,96.49,109.21,10.69,-0.25,0.182134867
-0.14,96.49,109.21,10.69,-0.25,0.160886288
-0.29,96.49,109.21,10.69,-0.25,0.169534683
-0.14,96.49,109.21,10.69,-0.25,0.01381588
-0.14,96.49,109.21,10.69,-0.25,0.013618231
-0.14,58.93,109.21,10.69,0,0.162848473
-0.14,58.93,63.78,10.68,-0.1,0.146197319
-0.14,58.93,63.78,10.68,-0.1,0.013498068
-0.14,58.93,63.78,10.68,-0.1,0.014068127
-0.14,58.93,63.78,10.68,-0.1,0.013625383
-0.14,58.93,63.78,10.68,-0.1,0.013602018
-0.14,58.93,63.78,10.68,-0.1,0.013518095
-0.14,66.23,63.78,10.68,-0.1,0.184706211
-0.14,66.23,54.16,10.69,-0.1,0.149986029
-0.14,66.23,54.16,10.69,-0.1,0.013760567
-0.14,66.23,54.16,10.69,-0.1,0.013517857
-0.14,66.23,54.16,10.69,-0.1,0.013730764
-0.14,66.23,54.16,10.69,-0.1,0.013487101
-0.14,66.23,54.16,10.69,-0.1,0.013489723
-0.14,66.03,53.06,10.9,-0.1,0.166383028
-0.14,66.03,53.06,10.9,-0.1,0.153006077
-0.14,66.03,53.06,10.9,-0.1,0.014795065
-0.14,66.03,53.06,10.9,-0.1,0.013806343
-0.14,66.03,53.06,10.9,-0.1,0.013558149
-0.14,66.03,53.06,10.9,-0.1,0.013533592
-0.14,66.03,53.06,10.9,-0.1,0.013507843
-0.14,106.64,53.06,10.9,-0.69,0.159072161
-0.14,106.64,52.41,10.86,-0.69,0.148492813
-0.14,106.64,52.41,10.86,-0.69,0.015250444
-0.14,106.64,52.41,10.86,-0.69,0.013509989
-0.14,106.64,52.41,10.86,-0.69,0.01363802
-0.14,106.64,52.41,10.86,-0.69,0.013967276
-0.14,106.64,52.41,10.86,-0.69,0.013585329
-0.14,107.87,52.41,10.63,-0.69,0.210419893
-0.14,107.87,149.03,10.63,-0.4,0.162385225
-0.14,107.87,149.03,10.63,-0.4,0.014039755
-0.14,107.87,149.03,10.63,-0.4,0.0140872
-0.14,107.87,149.03,10.63,-0.4,0.013635397
-0.14,107.87,149.03,10.63,-0.4,0.013731718
-0.14,107.87,149.03,10.63,-0.4,0.013691187
-0.14,59.7,149.03,10.66,0,0.160587549
-0.14,59.7,149.82,10.66,0,0.153570652
-0.14,59.7,149.82,10.66,0,0.022185802
-0.14,59.7,149.82,10.66,0,0.015619516
-0.14,59.7,149.82,10.66,0,0.015491247
-0.14,59.7,149.82,10.66,0,0.013631344
-0.14,59.7,149.82,10.66,0,0.015571594
-0.14,58.06,149.82,10.83,0,0.173068523
-0.14,58.06,47.98,10.83,-0.1,0.150335073
-0.14,58.06,47.98,10.83,-0.1,0.013780117
-0.14,58.06,47.98,10.83,-0.1,0.013747692
-0.29,58.06,47.98,10.83,-0.36,0.1815207
-0.29,55.88,47.98,10.83,-0.36,0.16660738
-0.29,55.88,47.73,11.06,-0.36,0.174900055
-0.29,55.88,47.73,11.06,-0.36,0.013791561
-0.29,55.88,47.73,11.06,-0.36,0.013550282
-0.14,55.88,47.73,11.06,-0.1,0.156666756
-0.29,100.72,47.73,11.06,-0.43,0.17762208
-0.29,100.72,56.48,11.05,-0.43,0.157415152
-0.14,100.72,56.48,11.05,-0.69,0.179594755
-0.14,100.72,56.48,11.05,-0.69,0.013792515
-0.14,100.72,56.48,11.05,-0.69,0.013728142
-0.14,100.72,56.48,11.05,-0.69,0.013678074
-0.14,118.24,56.48,11.05,-0.69,0.158611536
-0.14,118.24,59.66,11.01,-0.69,0.148769855
0,118.24,59.66,11.01,-0.8,0.151958704
0,118.24,59.66,11.01,-0.8,0.013925791
0,118.24,59.66,11.01,-0.8,0.015311956
0,128.96,59.66,11.01,-0.8,0.017035484
0,128.96,48.42,10.86,-0.8,0.163038969
0,128.96,48.42,10.86,-0.8,0.173048258
0,128.96,48.42,10.86,-0.8,0.030817986
0,128.96,48.42,10.86,-0.8,0.015862942
0,128.96,48.42,10.86,-0.8,0.016424656
0,128.96,48.42,10.86,-0.8,0.015949965
0,284.1,41.32,10.65,-0.8,0.234521866
0,284.1,41.32,10.65,-0.8,0.154646873
0,284.1,41.32,10.65,-0.8,0.013673544
0,284.1,41.32,10.65,-0.8,0.013812304
0,284.1,41.32,10.65,-0.8,0.013580561
0,284.1,41.32,10.65,-0.8,0.013646841
0,284.1,41.32,10.65,-0.8,0.013667345
0,280.11,39.19,10.84,-0.8,0.165007114
0,280.11,39.19,10.84,-0.8,0.185118437
0,280.11,39.19,10.84,-0.8,0.01361537
0,280.11,39.19,10.84,-0.8,0.013602257
0,280.11,39.19,10.84,-0.8,0.014155388
0,280.11,39.19,10.84,-0.8,0.0136168
0,280.11,39.19,10.84,-0.8,0.01564765
0,280.11,43.31,11.04,-0.8,0.152049065
0,280.11,43.31,11.04,-0.8,0.167835951
-0.14,280.11,43.31,11.04,-0.69,0.148964643
-0.14,280.11,43.31,11.04,-0.69,0.013575315
-0.14,266.43,43.31,11.04,-0.69,0.158783436
-0.14,266.43,48.05,10.83,-0.69,0.163421392
-0.14,266.43,48.05,10.83,-0.69,0.015627861
-0.14,266.43,48.05,10.83,-0.69,0.013844728
-0.14,266.43,48.05,10.83,-0.69,0.013658524
-0.14,266.43,48.05,10.83,-0.69,0.013575554
-0.14,266.43,48.05,10.83,-0.69,0.013687611
-0.14,266.43,48.05,10.83,-0.69,0.01385951
-0.14,266.43,61.01,10.83,-0.69,0.165150642
-0.14,266.43,61.01,10.83,-0.69,0.021464586
-0.14,266.43,61.01,10.83,-0.69,0.015825987
-0.14,266.43,61.01,10.83,-0.69,0.017089605
-0.14,266.43,61.01,10.83,-0.69,0.013611555
-0.14,266.43,61.01,10.83,-0.69,0.013531208
-0.14,266.43,61.01,10.83,-0.69,0.015849829
-0.14,400,76.2,11.08,-0.69,0.171904802
-0.14,400,76.2,11.08,-0.69,0.175642967
-0.14,400,76.2,11.08,-0.69,0.013592005
-0.14,400,76.2,11.08,-0.69,0.013566971
-0.14,400,76.2,11.08,-0.69,0.013529301
-0.14,400,76.2,11.08,-0.69,0.013513565
-0.14,400,76.2,11.08,-0.69,0.026147604
-0.14,268.36,239.55,11.1,-0.69,0.185822964
-0.14,268.36,239.55,11.1,-0.1,0.198525429
-0.14,268.36,239.55,11.1,-0.1,0.015977621
-0.14,268.36,239.55,11.1,-0.1,0.013613224
-0.14,268.36,239.55,11.1,-0.1,0.013613701
-0.14,268.36,239.55,11.1,-0.1,0.013709545
-0.14,136.27,239.55,11.07,0,0.16590786
-0.14,136.27,325.93,11.07,0,0.176753044
-0.14,136.27,325.93,11.07,0,0.014331579
-0.14,136.27,325.93,11.07,0,0.015970945
-0.14,136.27,325.93,11.07,0,0.013606787
-0.14,136.27,325.93,11.07,0,0.013655186
-0.14,136.27,325.93,11.07,0,0.013571501
-0.14,133.71,154.44,11.28,0,0.160186768
0,133.71,154.44,11.28,-0.4,0.155616999
-0.14,133.71,154.44,11.28,-0.4,0.14530921
0,133.71,154.44,11.28,-0.4,0.018405437
-0.14,133.71,154.44,11.28,-0.4,0.0135746
0,132.45,154.44,11.09,-0.4,0.170847893
0,132.45,48.36,11.09,-0.8,0.168864489
0,132.45,48.36,11.09,-0.8,0.021420956
-0.14,132.45,48.36,11.09,-0.69,0.164781809
-0.14,132.45,48.36,11.09,-0.69,0.013684511
-0.29,106.35,48.36,10.86,-0.43,0.171887875
0,106.35,48.38,10.86,-0.8,0.147917747
-0.29,106.35,48.38,10.86,-0.43,0.153578997
-0.29,106.35,48.38,10.86,-0.43,0.014437675
-0.29,106.35,48.38,10.86,-0.43,0.013646364
-0.29,106.35,48.38,10.86,-0.43,0.013715029
0,106.35,48.38,10.86,-0.8,0.043349981
0,239.69,57.1,11.06,-0.8,0.183140516
0,239.69,57.1,11.06,-0.8,0.145268202
0,239.69,57.1,11.06,-0.8,0.01351738
-0.29,239.69,57.1,11.06,-0.43,0.176058769
-0.29,239.69,57.1,11.06,-0.43,0.013623714
-0.29,267.11,52.04,11.33,-0.43,0.167824745
-0.29,267.11,52.04,11.33,-0.43,0.156277657
-0.29,267.11,52.04,11.33,-0.43,0.013616562
-0.29,267.11,52.04,11.33,-0.43,0.015352964
-0.29,267.11,52.04,11.33,-0.43,0.019331455
-0.29,267.11,52.04,11.33,-0.43,0.013390541
-0.29,267.11,52.04,11.33,-0.43,0.013599634
-0.29,267.11,47.82,11.3,-0.43,0.186765909
0,267.11,47.82,11.3,-0.8,0.161907434
0,267.11,47.82,11.3,-0.8,0.013539553
0,267.11,47.82,11.3,-0.8,0.014015913
0,267.11,47.82,11.3,-0.8,0.013641596
-0.29,305.82,47.82,11.07,-0.43,0.173144341
-0.29,305.82,48.04,11.07,-0.43,0.169558048
-0.14,305.82,48.04,11.07,-0.69,0.164770365
-0.14,305.82,48.04,11.07,-0.69,0.015222549
0,305.82,48.04,11.07,-0.8,0.161756277
0,305.82,48.04,11.07,-0.8,0.014564753
0,142.04,113.28,10.88,-0.8,0.165347815
-0.14,142.04,113.28,10.88,-0.4,0.151197433
-0.14,142.04,113.28,10.88,-0.4,0.014345169
-0.14,142.04,113.28,10.88,-0.4,0.013657093
0,142.04,113.28,10.88,-0.4,0.153410435
0,102.28,114.02,10.65,-0.4,0.160867691
0,102.28,114.02,10.65,-0.4,0.14866209
0,102.28,114.02,10.65,-0.4,0.013792992
-0.14,102.28,114.02,10.65,-0.4,0.180239201
-0.14,102.28,114.02,10.65,-0.4,0.015440941
-0.14,102.28,114.02,10.65,-0.4,0.013743162
-0.14,131.68,54.16,5.32,-0.4,0.171210527
-0.14,131.68,54.16,5.32,-0.69,0.175668955
-0.14,131.68,54.16,5.32,-0.69,0.014007807
-0.14,131.68,54.16,5.32,-0.69,0.013981342
0,131.68,54.16,5.32,-0.8,0.168045759
-0.14,105.51,61.21,5.45,-0.69,0.189908028
-0.14,105.51,61.21,5.45,-0.69,0.157961845
-0.14,105.51,61.21,5.45,-0.69,0.013941288
-0.14,105.51,61.21,5.45,-0.69,0.013513088
-0.29,105.51,61.21,5.45,-0.43,0.155734539
-0.29,107.04,61.27,11.01,-0.43,0.189100266
-0.14,107.04,61.27,11.01,-0.69,0.164410353
-0.14,107.04,61.27,11.01,-0.69,0.013686657
-0.14,107.04,61.27,11.01,-0.69,0.014034986
-0.14,107.04,61.27,11.01,-0.69,0.013972282
-0.14,107.04,61.27,11.01,-0.69,0.013845682
-0.14,267.15,58.77,11.27,-0.69,0.196067333
-0.14,267.15,58.77,11.27,-0.69,0.174512625
-0.14,267.15,58.77,11.27,-0.69,0.013736963
-0.14,267.15,58.77,11.27,-0.69,0.013754606
-0.14,267.15,58.77,11.27,-0.69,0.013857841
-0.14,267.15,58.77,11.27,-0.69,0.013883352
-0.14,267.15,58.77,11.27,-0.69,0.014750957
-0.14,400,59.36,11.02,-0.69,0.159640312
-0.14,400,59.36,11.02,-0.69,0.176943064
-0.14,400,59.36,11.02,-0.69,0.013382435
-0.14,400,59.36,11.02,-0.69,0.013388634
-0.14,400,59.36,11.02,-0.69,0.013506651
-0.14,400,59.36,11.02,-0.69,0.013476849
-0.14,400,59.36,11.02,-0.69,0.013375998
-0.14,327.97,60.95,10.84,-0.69,0.190638304
-0.14,327.97,60.95,10.84,-0.69,0.158100843
-0.29,327.97,60.95,10.84,-0.43,0.178368092
-0.29,327.97,60.95,10.84,-0.43,0.013502598
-0.14,327.97,60.95,10.84,-0.69,0.013546228
-0.14,201.59,112.38,10.83,-0.69,0.176650047
-0.29,201.59,112.38,10.83,-0.4,0.14853406
-0.14,201.59,112.38,10.83,-0.4,0.175772667
-0.14,201.59,112.38,10.83,-0.4,0.013756752
-0.14,201.59,112.38,10.83,-0.4,0.014035702
-0.29,115.04,112.68,10.57,-0.4,0.186064482
-0.29,115.04,112.68,10.57,-0.4,0.167889118
-0.14,115.04,112.68,10.57,-0.4,0.160712481
-0.14,115.04,112.68,10.57,-0.4,0.013579607
-0.14,115.04,112.68,10.57,-0.4,0.013381243
-0.14,107.84,50.91,10.61,-0.4,0.183905363
-0.14,107.84,50.91,10.61,-0.69,0.195265293
-0.14,107.84,50.91,10.61,-0.69,0.013547659
-0.14,107.84,50.91,10.61,-0.69,0.017922401
-0.14,107.84,50.91,10.61,-0.69,0.013537407
-0.14,107.84,50.91,10.61,-0.69,0.013425827
-0.29,107.84,50.91,10.86,-0.43,0.163767338
-0.14,266.42,46.84,10.86,-0.69,0.150059223
-0.29,266.42,46.84,10.86,-0.43,0.162178993
-0.29,266.42,46.84,10.86,-0.43,0.013865232
-0.29,266.42,46.84,10.86,-0.43,0.013729334
-0.29,266.42,46.84,10.86,-0.43,0.016041279
-0.29,266.42,46.84,11.06,-0.43,0.163086653
-0.29,400,117.65,11.06,-0.4,0.148234367
-0.29,400,117.65,11.06,-0.4,0.152579308
-0.14,400,117.65,11.06,-0.4,0.155248642
-0.14,400,117.65,11.06,-0.4,0.013522148
-0.14,400,117.65,11.05,-0.4,0.162260771
-0.14,272.89,121.11,11.05,-0.4,0.157838345
-0.29,272.89,121.11,11.05,-0.4,0.163161755
-0.29,272.89,121.11,11.05,-0.4,0.013998032
-0.29,272.89,121.11,11.05,-0.4,0.013722181
-0.29,272.89,121.11,11.09,-0.4,0.165888548
-0.29,272.89,52.89,11.09,-0.43,0.163248301
-0.29,272.89,52.89,11.09,-0.43,0.013572216
-0.29,272.89,52.89,11.09,-0.43,0.013557911
-0.29,272.89,52.89,11.09,-0.43,0.013551474
-0.29,272.89,52.89,11.09,-0.43,0.013695478
-0.29,272.89,52.89,11.09,-0.43,0.013483286
-0.29,272.89,52.89,10.92,-0.43,0.161405325
-0.29,300.6,222.62,10.92,-0.36,0.181942463
-0.29,300.6,222.62,10.92,-0.36,0.177856445
0,300.6,222.62,10.71,0,0.158736467
0,300.6,222.62,10.71,0,0.155295134
0,300.6,228.2,10.71,0,0.165910482
0,300.6,228.2,10.71,0,0.01369071
0,300.6,228.2,10.71,0,0.013881683
0,300.6,228.2,10.71,0,0.013791084
0,300.6,228.2,10.71,0,0.013771296
0,300.6,228.2,10.71,0,0.013995409
0,300.6,228.2,10.93,0,0.176565886
0,267.72,52.95,10.93,-0.8,0.155286551
0,267.72,52.95,10.93,-0.8,0.014988899
0,267.72,52.95,10.93,-0.8,0.013475418
0,267.72,52.95,10.93,-0.8,0.013511896
0,267.72,52.95,10.93,-0.8,0.013370275
0,267.72,52.95,10.93,-0.8,0.013435364
0,267.72,54.74,11.38,-0.8,0.216333866
-0.29,196.42,54.74,11.38,-0.43,0.166059017
-0.29,196.42,54.74,11.38,-0.43,0.015920162
-0.29,196.42,54.74,11.38,-0.43,0.015836239
-0.14,196.42,54.74,11.02,-0.67,0.175334692
-0.14,196.42,55,11.02,-0.67,0.162440777
-0.14,328.7,55,11.02,-0.67,0.15613842
-0.14,328.7,55,11.02,-0.69,0.161337852
-0.14,328.7,55,11.02,-0.69,0.01796484
-0.14,328.7,55,11.02,-0.69,0.015895844
-0.14,328.7,55,10.76,-0.69,0.163061619
-0.14,265.18,225.01,10.76,-0.1,0.17054534
-0.43,265.18,225.01,10.76,-0.4,0.193108797
-0.14,265.18,225.01,10.96,-0.1,0.183791161
-0.14,265.18,225.01,10.96,-0.1,0.181797981
-0.14,132.47,400,10.96,0,0.144767761
-0.29,132.47,400,10.96,0,0.177205563
-0.14,132.47,400,10.96,0,0.013732672
-0.14,132.47,400,10.96,0,0.013544559
-0.14,132.47,400,10.67,0,0.15558219
-0.14,267.29,235.56,10.67,0,0.153990746
-0.14,267.29,235.56,10.67,-0.1,0.204251528
-0.14,267.29,235.56,10.67,-0.1,0.013583183
-0.29,267.29,235.56,10.82,-0.36,0.158254862
-0.29,267.29,76.16,10.82,-0.36,0.167939663
-0.29,267.7,76.16,10.82,-0.43,0.163071632
-0.29,267.7,76.16,10.82,-0.43,0.013535261
-0.29,267.7,76.16,10.82,-0.43,0.013602495
-0.29,267.7,76.16,10.82,-0.43,0.013613462
-0.29,267.7,76.16,10.82,-0.43,0.013802052
-0.29,267.7,76.16,10.89,-0.43,0.1475811
-0.29,267.7,76.16,10.89,-0.43,0.022536039
-0.29,126.35,80.26,10.89,-0.43,0.154024363
-0.14,126.35,80.26,10.89,-0.69,0.15266633
-0.29,126.35,80.26,10.89,-0.43,0.014502525
-0.14,126.35,80.26,10.88,-0.69,0.165606499
-0.14,126.35,80.26,10.88,-0.69,0.013499975
-0.14,110.76,239.65,10.88,0,0.193277597
-0.29,110.76,239.65,10.88,0,0.201440334
0,110.76,239.65,11.1,0,0.164652109
0,110.76,237.24,11.1,0,0.169686317
0,119.42,237.24,11.1,0,0.16108799
-0.14,119.42,237.24,11.1,0,0.154616356
-0.14,119.42,237.24,11.1,0,0.013816118
-0.14,119.42,237.24,11.54,0,0.154977083
-0.14,119.42,237.24,11.54,0,0.015575171
-0.14,135.02,237.24,11.54,0,0.163530827
-0.14,135.02,237.24,11.54,0,0.013736963
-0.14,135.02,237.24,11.54,0,0.015325785
-0.29,135.02,237.24,11.54,0,0.179309607
-0.29,135.02,237.24,11.34,0,0.159701586
-0.29,135.02,237.24,11.34,0,0.016575098
-0.29,135.66,224.92,11.34,0,0.171953201
-0.29,135.66,224.92,11.34,0,0.017135143
-0.29,135.66,224.92,11.34,0,0.014259815
-0.29,135.66,224.92,11.34,0,0.013672352
-0.29,135.66,224.92,11.34,0,0.013530493
-0.14,135.66,224.92,11.1,0,0.150259972
-0.29,267.95,46.55,11.1,0,0.184532881
-0.29,267.95,46.55,11.1,-0.43,0.158649445
-0.14,267.95,46.55,11.1,-0.69,0.150302172
-0.14,267.95,46.55,11.25,-0.69,0.154863834
-0.14,267.95,46.55,11.25,-0.69,0.015156507
-0.14,400,47.95,11.25,-0.69,0.171418428
-0.14,400,47.95,11.25,-0.69,0.154513359
-0.14,400,47.95,11.25,-0.69,0.01393795
-0.14,400,47.95,10.99,-0.69,0.159746885
-0.29,268.02,57.68,10.99,-0.43,0.197685957
-0.14,268.02,57.68,10.99,-0.69,0.160250664
-0.14,268.02,57.68,10.99,-0.69,0.013618946
-0.14,268.02,57.68,10.99,-0.69,0.013561964
-0.14,268.02,57.68,10.82,-0.69,0.151851654
-0.14,268.02,57.68,10.82,-0.69,0.013576984
-0.14,268.02,57.68,10.82,-0.69,0.013748407
-0.14,99.89,54.68,10.82,-0.68,0.15334177
-0.29,99.89,54.68,10.82,-0.42,0.147206306
-0.14,99.89,54.68,10.82,-0.68,0.013570547
-0.14,99.89,54.68,10.65,-0.68,0.179390907
-0.14,99.89,54.68,10.65,-0.68,0.013977051
-0.14,231.88,150.27,10.65,-0.39,0.169039249
-0.43,231.88,150.27,10.65,-0.4,0.151087761
-0.43,231.88,150.27,10.65,-0.4,0.014023542
-0.14,231.88,150.27,10.65,-0.4,0.222570181
-0.14,231.88,150.27,10.65,-0.4,0.014353752
-0.14,239.54,158.25,10.65,-0.4,0.175254583
-0.14,239.54,158.25,10.65,-0.4,0.15183115
-0.29,239.54,158.25,10.63,-0.4,0.157655716
-0.14,239.54,158.25,10.63,-0.4,0.160738945
-0.14,79.5,57.9,10.63,-0.69,0.161572218
-0.14,79.5,57.9,10.63,-0.1,0.178159475
-0.14,79.5,57.9,10.63,-0.1,0.013543844
-0.14,79.5,57.9,10.64,-0.1,0.157083273
-0.14,79.5,57.9,10.64,-0.1,0.013589144
-0.14,105.94,72.74,10.64,-0.1,0.170833588
-0.14,105.94,72.74,10.64,-0.69,0.174207211
-0.14,105.94,72.74,10.64,-0.69,0.015001059
-0.14,105.94,72.74,10.64,-0.69,0.01395607
-0.14,105.94,72.74,11.1,-0.69,0.150080919
-0.14,105.94,72.74,11.1,-0.69,0.013818264
-0.14,160.27,83.01,11.1,-0.69,0.179642677
-0.43,160.27,83.01,11.1,-0.4,0.159583569
-0.43,160.27,83.01,11.1,-0.4,0.013787508
-0.43,160.27,83.01,11.05,-0.4,0.166278601
-0.43,160.27,83.01,11.05,-0.4,0.013631582
-0.43,160.27,68.91,11.05,-0.4,0.168981314
-0.43,294.28,68.91,11.05,-0.4,0.16071701
-0.14,294.28,68.91,10.65,-0.69,0.173657894
-0.14,294.28,68.91,10.65,-0.69,0.161399841
-0.14,239.57,232.03,10.65,-0.1,0.170347452
-0.14,239.57,232.03,10.65,-0.1,0.163801908
-0.14,239.57,232.03,10.65,-0.1,0.014749527
-0.14,239.57,232.03,10.69,-0.1,0.151827335
-0.14,239.57,232.03,10.69,-0.1,0.013716221
-0.14,239.57,232.03,10.69,-0.1,0.016550779
-0.14,239.57,222.82,10.69,-0.1,0.186748266
-0.43,239.57,222.82,10.69,-0.4,0.147373199
-0.43,239.57,222.82,10.65,-0.4,0.016075134
-0.43,239.57,222.82,10.65,-0.4,0.146547318
-0.43,239.57,222.82,10.65,-0.4,0.013892174
-0.43,239.57,222.82,10.65,-0.4,0.01394701
-0.43,239.57,222.82,10.65,-0.4,0.014557362
-0.43,266.47,222.82,10.65,-0.4,0.152230263
-0.43,266.47,222.82,10.65,-0.4,0.013848782
-0.14,266.47,222.82,10.85,-0.1,0.149624825
-0.43,266.47,222.82,10.85,-0.4,0.161893606
-0.43,132.71,224.86,10.85,-0.4,0.219255209
-0.43,132.71,224.86,10.85,0,0.163100481
-0.43,132.71,224.86,11.08,0,0.149316072
-0.43,132.71,224.86,11.08,0,0.014172077
-0.43,132.71,224.86,11.08,0,0.014045238
-0.43,132.71,47.43,11.08,-0.4,0.172302723
-0.43,132.51,47.43,11.08,-0.4,0.151659966
-0.43,132.51,47.43,11.08,-0.4,0.013793945
-0.43,132.51,47.43,11.34,-0.4,0.150914192
-0.14,132.51,52.04,11.34,-0.69,0.185547113
-0.43,266.27,52.04,11.34,-0.4,0.178761959
-0.43,266.27,52.04,11.34,-0.4,0.17246604
-0.14,266.27,52.04,11.09,-0.69,0.144830227
-0.43,266.27,53.5,11.09,-0.4,0.169683933
-0.14,289.08,53.5,11.09,-0.69,0.156566858
-0.14,289.08,53.5,11.09,-0.69,0.165013075
-0.14,289.08,53.5,10.87,-0.69,0.14654088
-0.14,289.08,53.5,10.87,-0.69,0.013708591
-0.14,289.08,53.5,10.87,-0.69,0.015663862
-0.14,289.08,151.44,10.87,-0.4,0.164580107
-0.14,157.09,151.44,10.87,-0.4,0.174709558
-0.14,157.09,151.44,11.13,-0.4,0.145424366
-0.14,157.09,151.44,11.13,-0.4,0.014031649
-0.14,157.09,151.44,11.13,-0.4,0.014034033
-0.14,157.09,151.44,11.13,-0.4,0.01356554
-0.14,157.09,151.08,11.13,-0.4,0.194910765
-0.14,135.28,151.08,11.13,-0.4,0.175624371
-0.43,135.28,151.08,11.11,-0.4,0.147599697
-0.29,135.28,47.44,11.11,-0.4,0.162444115
-0.29,166.85,47.44,11.11,-0.43,0.167498827
-0.14,166.85,47.44,11.11,-0.69,0.15783453
-0.29,166.85,47.44,10.89,-0.43,0.174448967
-0.14,166.85,47.64,10.89,-0.69,0.17339325
-0.43,166.28,47.64,10.89,-0.4,0.164190769
-0.29,166.28,47.64,10.89,-0.43,0.164648771
-0.14,166.28,47.64,10.89,-0.69,0.156107664
-0.14,166.28,47.64,10.89,-0.69,0.015080214
-0.14,166.28,47.64,10.89,-0.69,0.013826609
-0.14,166.28,47.12,10.89,-0.69,0.190275431
-0.14,97.92,47.12,10.89,-0.56,0.178244114
-0.14,97.92,47.12,11.05,-0.56,0.175232887
-0.14,97.92,47.12,11.05,-0.56,0.014438391
-0.14,97.92,47.12,11.05,-0.56,0.013755083
-0.14,97.92,55.33,11.05,-0.56,0.177699327
-0.14,98.33,55.33,11.05,-0.58,0.170901775
-0.14,98.33,55.33,11.07,-0.58,0.162295103
-0.14,98.33,55.33,11.07,-0.58,0.014168739
-0.14,98.33,55.33,11.07,-0.58,0.014416933
-0.14,98.33,96.36,11.07,-0.44,0.145191908
-0.14,98.33,96.36,11.07,-0.44,0.013577938
-0.14,267.1,96.36,11.07,-0.53,0.163724422
-0.14,267.1,96.36,11.13,-0.53,0.152248383
-0.14,267.1,96.36,11.13,-0.53,0.013598204
-0.14,267.1,96.36,11.13,-0.53,0.032176495
-0.14,267.1,95.14,11.13,-0.57,0.147084713
-0.14,267.1,95.14,11.13,-0.57,0.014121532
-0.14,234.27,95.14,10.87,-0.57,0.177945852
-0.14,234.27,95.14,10.87,-0.57,0.159046888
-0.14,234.27,95.14,10.87,-0.57,0.014188528
-0.29,234.27,60.99,10.87,-0.44,0.154321432
-0.14,76.6,60.99,10.87,-0.69,0.199405193
-0.29,76.6,60.99,10.59,-0.36,0.160288334
-0.29,76.6,60.99,10.59,-0.36,0.185065031
-0.14,76.6,60.78,10.59,-0.1,0.162278652
-0.29,206,60.78,10.59,-0.36,0.17466116
-0.14,206,60.78,10.79,-0.69,0.154051542
-0.14,206,60.78,10.79,-0.69,0.013818741
-0.14,206,60.78,10.79,-0.69,0.013778687
-0.14,206,182.27,10.79,-0.69,0.01499486
-0.29,206,182.27,10.79,-0.4,0.161055088
-0.14,229.08,182.27,10.89,-0.4,0.152481794
-0.14,229.08,182.27,10.89,-0.4,0.145684004
-0.14,229.08,182.27,10.89,-0.4,0.014178514
-0.29,229.08,175.32,10.89,-0.4,0.166048288
-0.43,265.41,175.32,10.89,-0.4,0.16303134
0,265.41,175.32,10.7,-0.4,0.171486378
0,265.41,175.32,10.7,-0.4,0.17116189
0,265.41,175.32,10.7,-0.4,0.013774157
0,265.41,112.29,10.7,-0.4,0.180573702
-0.14,233.51,112.29,10.7,-0.4,0.167925835
0,233.51,112.29,10.68,-0.4,0.156561852
0,233.51,112.29,10.68,-0.4,0.013586998
0,233.51,112.29,10.68,-0.4,0.013612032
0,233.51,125.71,10.68,-0.4,0.145129919
0,233.51,125.71,10.68,-0.4,0.014528751
0,233.51,125.71,10.68,-0.4,0.018862486
0,233.51,125.71,10.68,-0.4,0.017934799
0,233.51,125.71,10.91,-0.4,0.176088095
0,233.51,125.71,10.91,-0.4,0.013516188
0,233.51,125.71,10.91,-0.4,0.014173269
0,233.51,125.71,10.91,-0.4,0.013543129
0,233.51,79.39,10.91,-0.8,0.183416367
0,267.31,79.39,10.86,-0.8,0.152067184
0,267.31,79.39,10.86,-0.8,0.190780401
0,267.31,79.39,10.86,-0.8,0.016571283
-0.29,267.31,104.01,10.86,-0.43,0.160608292
-0.29,154.55,104.01,10.86,-0.4,0.164288998
-0.29,154.55,104.01,10.64,-0.4,0.148050785
-0.29,154.55,104.01,10.64,-0.4,0.171112061
-0.29,154.55,150.66,10.64,-0.4,0.15857482
-0.29,154.55,150.66,10.64,-0.4,0.013864279
-0.29,287.24,150.66,10.68,-0.4,0.214604139
-0.29,287.24,150.66,10.68,-0.4,0.155801058
-0.29,287.24,150.66,10.68,-0.4,0.014067411
-0.29,287.24,145.92,10.68,-0.4,0.155480623
-0.29,287.24,145.92,10.68,-0.4,0.014612675
0,264.75,145.92,10.66,-0.4,0.153954268
-0.29,264.75,145.92,10.66,-0.4,0.158342123
-0.29,264.75,145.92,10.66,-0.4,0.016366482
-0.29,264.75,145.92,10.66,-0.4,0.016253233
-0.29,264.75,83.96,10.66,-0.43,0.185804367
-0.29,264.75,83.96,10.66,-0.43,0.013715982
-0.29,264.75,83.96,10.66,-0.43,0.013637304
-0.29,264.75,83.96,10.86,-0.43,0.173768282
-0.29,264.75,83.96,10.86,-0.43,0.013716459
-0.29,264.75,83.96,10.86,-0.43,0.013761044
-0.29,264.75,83.96,10.86,-0.43,0.013863325
-0.29,264.75,152.24,10.86,-0.4,0.155069113
-0.29,264.75,152.24,10.86,-0.4,0.018438816
-0.29,267.32,152.24,10.84,-0.4,0.167551041
-0.29,267.32,152.24,10.84,-0.4,0.165958405
-0.29,267.32,152.24,10.84,-0.4,0.018425703
-0.29,267.32,152.24,10.84,-0.4,0.014193058
0,267.32,148.93,10.84,-0.4,0.164515734
0,134.42,148.93,10.83,-0.4,0.162190437
0,134.42,148.93,10.83,-0.4,0.173716784
0,134.42,148.93,10.83,-0.4,0.013987064
0,134.42,148.93,10.83,-0.4,0.014039755
0,134.42,112.42,10.83,-0.4,0.166531324
-0.29,135.75,112.42,10.84,-0.4,0.184206247
-0.29,135.75,112.42,10.84,-0.4,0.187904119
-0.29,135.75,112.42,10.84,-0.4,0.021317005
-0.29,135.75,112.42,10.84,-0.4,0.01372838
-0.29,135.75,177.68,10.84,-0.4,0.167109013
-0.29,135.75,177.68,10.84,-0.4,0.01363349
-0.29,135.71,177.68,10.87,-0.4,0.151787281
-0.29,135.71,177.68,10.87,-0.4,0.156464577
-0.29,135.71,177.68,10.87,-0.4,0.01486516
0,135.71,178.31,10.87,-0.4,0.167956114
0,133.97,178.31,10.87,-0.4,0.186722755
0,133.97,178.31,11.09,-0.4,0.147827864
0,133.97,178.31,11.09,-0.4,0.017463923
0,133.97,178.31,11.09,-0.4,0.020777464
0,133.97,178.31,11.09,-0.4,0.02200222
0,133.97,117.32,11.09,-0.4,0.16293478
-0.29,159.41,117.32,11.09,-0.4,0.173871279
-0.29,159.41,117.32,11.09,-0.4,0.192749262
-0.29,159.41,117.32,11.09,-0.4,0.014057636
-0.29,159.41,117.32,11.09,-0.4,0.013948441
-0.29,159.41,107.51,11.09,-0.4,0.190338373
0,132.14,107.51,10.85,-0.4,0.167641878
0,132.14,107.51,10.85,-0.4,0.159362316
0,132.14,107.51,10.85,-0.4,0.013624907
0,132.14,107.51,10.85,-0.4,0.013666391
0,132.14,168.3,10.85,-0.4,0.173501253
0,132.14,168.3,10.85,-0.4,0.013625622
0,169.88,168.3,10.64,-0.4,0.156129837
0,169.88,168.3,10.64,-0.4,0.160998821
0,169.88,168.3,10.64,-0.4,0.013742208
0,169.88,168.3,10.64,-0.4,0.035901785
0,169.88,177.21,10.64,-0.4,0.161271811
0,169.88,177.21,10.64,-0.4,0.015942812
0,330.25,177.21,10.68,-0.4,0.170298815
0,330.25,177.21,10.68,-0.4,0.015138626
0,330.25,177.21,10.68,-0.4,0.01389432
0,330.25,177.21,10.68,-0.4,0.01377058
0,330.25,177.68,10.68,-0.4,0.171966553
0,330.25,177.68,10.68,-0.4,0.013909101
-0.29,261.14,177.68,10.46,-0.4,0.173644066
-0.29,261.14,177.68,10.46,-0.4,0.164702415
0,261.14,177.9,10.46,-0.4,0.165099621
0,261.14,177.9,10.46,-0.4,0.151565075
0,131.21,177.9,10.66,-0.4,0.159854412
0,131.21,177.9,10.66,-0.4,0.01381278
0,131.21,177.9,10.66,-0.4,0.013565063
0,131.21,177.9,10.66,-0.4,0.013454199
0,131.21,177.9,10.66,-0.4,0.013571739
0,131.21,177.91,10.66,-0.4,0.158026218
0,131.21,177.91,10.66,-0.4,0.013684988
0,270.07,177.91,11.08,-0.4,0.172637701
0,270.07,177.91,11.08,-0.4,0.161045551
0,270.07,177.91,11.08,-0.4,0.013857603
0,270.07,177.91,11.08,-0.4,0.014000177
0,270.07,289.2,11.08,0,0.15831542
-0.14,297.97,289.2,11.06,-0.1,0.157674551
-0.29,297.97,289.2,11.06,-0.36,0.147908211
-0.29,297.97,289.2,11.06,-0.36,0.013651133
-0.29,297.97,289.2,11.06,-0.36,0.013829947
-0.29,297.97,225.06,11.06,-0.36,0.169559956
-0.29,297.97,225.06,11.06,-0.36,0.013794422
-0.14,167.2,225.06,10.86,-0.1,0.171692371
-0.29,167.2,225.06,10.86,0,0.160650492
-0.29,167.2,225.06,10.86,0,0.020904779
-0.29,167.2,225.06,10.86,0,0.013772249
-0.29,167.2,48.87,10.86,-0.43,0.178893328
-0.29,269.23,48.87,10.65,-0.43,0.149465799
-0.29,269.23,48.87,10.65,-0.43,0.160385847
-0.29,269.23,48.87,10.65,-0.43,0.013919353
-0.29,269.23,48.87,10.65,-0.43,0.013734102
-0.29,269.23,67.79,10.65,-0.43,0.187728882
-0.29,269.23,67.79,10.65,-0.43,0.013697863
-0.29,267.16,67.79,10.64,-0.43,0.153781414
-0.29,267.16,67.79,10.64,-0.43,0.013721228
-0.29,267.16,67.79,10.64,-0.43,0.013633966
-0.29,267.16,67.79,10.64,-0.43,0.013949871
-0.29,267.16,67.79,10.64,-0.43,0.01395154
-0.29,267.16,67.55,10.64,-0.43,0.150709152
-0.29,267.16,67.55,10.64,-0.43,0.013659
-0.29,148.25,67.55,10.62,-0.43,0.164693117
-0.29,148.25,67.55,10.62,-0.43,0.146182299
-0.29,148.25,67.55,10.62,-0.43,0.013702154
-0.29,148.25,67.55,10.62,-0.43,0.013660192
-0.29,148.25,54.56,10.62,-0.43,0.149149179
-0.29,105.84,54.56,10.6,-0.43,0.200545788
-0.29,105.84,54.56,10.6,-0.43,0.158497572
-0.29,105.84,54.56,10.6,-0.43,0.013998508
-0.29,105.84,54.56,10.6,-0.43,0.013576508
-0.29,105.84,61.15,10.6,-0.43,0.158150434
-0.29,161.62,61.15,10.86,-0.43,0.175283194
-0.29,161.62,61.15,10.86,-0.43,0.173316002
-0.29,161.62,61.15,10.86,-0.43,0.013757229
-0.29,161.62,61.15,10.86,-0.43,0.014369249
-0.29,161.62,59.18,10.86,-0.43,0.151775599
-0.29,161.62,59.18,10.86,-0.43,0.01748848
-0.29,336.87,59.18,11.05,-0.43,0.178462982
-0.29,336.87,59.18,11.05,-0.43,0.155966043
-0.29,336.87,59.18,11.05,-0.43,0.013905525
-0.29,336.87,60.4,11.05,-0.43,0.184689522
-0.29,336.87,60.4,11.05,-0.43,0.013642073
-0.29,266.25,60.4,11.05,-0.43,0.184634924
-0.29,266.25,60.4,11.05,-0.43,0.16425395
-0.29,266.25,60.4,11.05,-0.43,0.014322996
-0.29,266.25,54.82,11.05,-0.43,0.162896395
-0.29,266.25,54.82,11.05,-0.43,0.015300751
-0.29,132.91,54.82,11.08,-0.43,0.185304165
-0.29,132.91,54.82,11.08,-0.43,0.144600153
-0.29,132.91,54.82,11.08,-0.43,0.013545752
-0.29,132.91,54.82,11.08,-0.43,0.013699532
-0.29,132.91,54.79,11.08,-0.43,0.150940418
-0.29,194.34,54.79,11.1,-0.43,0.175361156
-0.29,194.34,54.79,11.1,-0.44,0.146612406
-0.29,194.34,54.79,11.1,-0.44,0.015099525
-0.29,194.34,54.79,11.1,-0.44,0.013752699
-0.29,194.34,54.36,11.1,-0.44,0.162537575
-0.29,194.34,54.36,11.1,-0.44,0.014199734
-0.29,193.91,54.36,10.88,-0.44,0.212137699
-0.29,193.91,54.36,10.88,-0.43,0.172649145
-0.29,193.91,54.36,10.88,-0.43,0.014365435
-0.29,193.91,44.53,10.88,-0.43,0.145740747
-0.29,193.91,44.53,10.88,-0.43,0.013660669
-0.29,133.28,44.53,10.94,-0.43,0.180386782
-0.29,133.28,44.53,10.94,-0.43,0.158813238
-0.29,133.28,44.53,10.94,-0.43,0.013619661
-0.29,133.28,44.53,10.94,-0.43,0.013713598
-0.29,133.28,61.36,10.94,-0.43,0.185329437
-0.29,133.28,61.36,10.72,-0.43,0.180344343
-0.29,106.68,61.36,10.72,-0.43,0.160611391
-0.29,106.68,61.36,10.72,-0.43,0.015748262
